{
  "version": 2.12,
  "cardset_id": "6a2e7b25-cba2-4bcd-8674-89b151412232",
  "name": "UNNAMED",
  "blueprint_id": "ca833731-f60b-466e-9649-a4535f80caf6",
  "hint_order_index": 3,
  "cards": [
    {
      "card_id": "0b3f8ee0-e1fa-4867-af23-530d4abbccd3",
      "amount": 1,
      "front_layers": [
        {
          "blueprint_layer_id": "7f1e13f8-b7cc-4e37-9333-e2a566c9e313",
          "panels": [
            {
              "blueprint_panel_id": "709728bc-2126-489c-be71-56e1063fbe86",
              "rotation": 0,
              "type": "text",
              "data": {
                "text": "2"
              }
            }
          ]
        }
      ]
    }
  ]
}