{
  "version": 2.12,
  "cardset_id": "a21036d2-0f99-4547-b6f3-8ef59601fc4b",
  "name": "UNNAMED",
  "blueprint_id": "d583db1d-a8bf-4dc9-9670-263905a32506",
  "hint_order_index": 2,
  "cards": [
    {
      "card_id": "7899e421-426d-42f5-8ff0-bd268fcd176a",
      "amount": 1,
      "front_layers": [
        {
          "blueprint_layer_id": "007cba4c-a055-4e34-aaf7-46f3e6f2e220",
          "panels": [
            {
              "blueprint_panel_id": "47290cdb-8665-40d0-9c95-49c1cac8afc6",
              "rotation": 270,
              "type": "image",
              "data": {
                "uri": "%PROJECT%/Temps/rn_image_picker_lib_temp_eb4ea7f0-4b96-4dff-8abd-81eeaf4a115e.jpg",
                "offset": "-0.01972269, 0.05042432"
              }
            }
          ]
        },
        {
          "blueprint_layer_id": "00e34453-8135-40a3-96be-903940689686",
          "panels": [
            {
              "blueprint_panel_id": "4e2fbdc4-6d34-4716-8513-77a6ad60ec5d",
              "rotation": 0,
              "type": "text",
              "data": {
                "text": "1"
              }
            },
            {
              "blueprint_panel_id": "8c410aff-3d7d-4f9f-8131-b6e64a424a6f",
              "rotation": 0,
              "type": "text",
              "data": {
                "text": "5"
              }
            },
            {
              "blueprint_panel_id": "7613b8d8-4164-4f71-b312-9712eb1a2718",
              "rotation": 0,
              "type": "text",
              "data": {
                "text": "2"
              }
            }
          ]
        },
        {
          "blueprint_layer_id": "5e267ee8-f26a-43b1-b683-5af7e44af20d",
          "panels": [
            {
              "blueprint_panel_id": "580dcb06-fac8-4dc9-9c97-d5e33ba8856c",
              "rotation": 0,
              "type": "text",
              "data": {
                "text": "Has +<b>1 Attack</b> for each other \"Night\" or \"Knight\" card you control   "
              }
            },
            {
              "blueprint_panel_id": "e0b45118-cd1f-4d1b-b6d8-891ae684c7a6",
              "rotation": 0,
              "type": "text",
              "data": {
                "text": "Unite the Nights of the Knights!"
              }
            },
            {
              "blueprint_panel_id": "5fb195bd-b3c4-496e-acb5-79b26a7c5af8",
              "rotation": 0,
              "type": "text",
              "data": {
                "text": "Nightlet Knight"
              }
            }
          ]
        }
      ]
    },
    {
      "card_id": "112f68c7-6183-4473-9037-e5da4ce7b1bb",
      "amount": 1,
      "front_layers": [
        {
          "blueprint_layer_id": "007cba4c-a055-4e34-aaf7-46f3e6f2e220",
          "panels": [
            {
              "blueprint_panel_id": "47290cdb-8665-40d0-9c95-49c1cac8afc6",
              "rotation": 0,
              "type": "image",
              "data": {
                "uri": "%PROJECT%/Card Example.png",
                "offset": "0.05917068, 0.1355662"
              }
            }
          ]
        },
        {
          "blueprint_layer_id": "00e34453-8135-40a3-96be-903940689686",
          "panels": [
            {
              "blueprint_panel_id": "4e2fbdc4-6d34-4716-8513-77a6ad60ec5d",
              "rotation": 0,
              "type": "text",
              "data": {
                "text": "2"
              }
            },
            {
              "blueprint_panel_id": "8c410aff-3d7d-4f9f-8131-b6e64a424a6f",
              "rotation": 0,
              "type": "text",
              "data": {
                "text": "7"
              }
            },
            {
              "blueprint_panel_id": "7613b8d8-4164-4f71-b312-9712eb1a2718",
              "rotation": 0,
              "type": "text",
              "data": {
                "text": "4"
              }
            }
          ]
        },
        {
          "blueprint_layer_id": "5e267ee8-f26a-43b1-b683-5af7e44af20d",
          "panels": [
            {
              "blueprint_panel_id": "580dcb06-fac8-4dc9-9c97-d5e33ba8856c",
              "rotation": 0,
              "type": "text",
              "data": {
                "text": "At the Start of your Turn, Gain Three Spirit."
              }
            },
            {
              "blueprint_panel_id": "e0b45118-cd1f-4d1b-b6d8-891ae684c7a6",
              "rotation": 0,
              "type": "text",
              "data": {
                "text": "A Cup of Tea With Extra Kittea!"
              }
            },
            {
              "blueprint_panel_id": "5fb195bd-b3c4-496e-acb5-79b26a7c5af8",
              "rotation": 0,
              "type": "text",
              "data": {
                "text": "CaTea"
              }
            }
          ]
        }
      ]
    }
  ]
}