{
  "version": 2.12,
  "blueprint_id": "a52735d8-aa48-481f-a578-ae1ab034c8cb",
  "name": "Spade_A",
  "layout_size": "63.5, 88.9",
  "layout_grid_size": "0.2183248, 0.2183248",
  "layout_grid_offset": "0, 0",
  "layout_grid_square": false,
  "layout_grid_centered": false,
  "main_panel_id": "00000000-0000-0000-0000-000000000000",
  "front_layers": [
    {
      "layer_id": "c1dc7111-7f65-424a-af30-bf2630b8dd6c",
      "name": "Black Base",
      "padding": 0.0,
      "spacing": 0.0,
      "panels": [
        {
          "panel_id": "135d8ce7-e10a-42f6-9926-78650639fbae",
          "name": "",
          "enabled": true,
          "locked": true,
          "rotation": 0,
          "padding": "0, 0, 0, 0",
          "material_name": "Blank",
          "material_selection": 0,
          "material_tint": "#00000000",
          "anchor_min": "0, 0",
          "anchor_min_render": "0, 0",
          "anchor_max": "1, 1",
          "anchor_max_render": "1, 1",
          "type": "image",
          "data": {
            "uri": "%PROJECT%/Base Frames/Base.png",
            "mask_uri": "",
            "fit_mode": "fit",
            "zoom": 1.0,
            "offset": "0, 0",
            "tint": "#FF0000FF"
          },
          "sort_mode": "0",
          "split_mode": "none",
          "parent_panel_id": "00000000-0000-0000-0000-000000000000"
        }
      ]
    },
    {
      "layer_id": "11f47200-9d1f-48c2-bc7b-71e2278d308c",
      "name": "Image Layer",
      "padding": 0.0,
      "spacing": 0.0,
      "panels": [
        {
          "panel_id": "526caec7-81dc-4fce-bd98-35a7a339ac81",
          "name": "Image",
          "enabled": true,
          "locked": false,
          "rotation": 0,
          "padding": "0, 0, 0, 0",
          "material_name": "Blank",
          "material_selection": 0,
          "material_tint": "#00000000",
          "anchor_min": "0, 0",
          "anchor_min_render": "0, 0",
          "anchor_max": "1, 1",
          "anchor_max_render": "1, 1",
          "type": "image",
          "data": {
            "uri": "",
            "mask_uri": "",
            "fit_mode": "fit",
            "zoom": 1.0,
            "offset": "0, 0",
            "tint": "#FFFFFFFF"
          },
          "sort_mode": "1",
          "split_mode": "none",
          "parent_panel_id": "00000000-0000-0000-0000-000000000000"
        }
      ]
    },
    {
      "layer_id": "d7beee15-39aa-42d4-b6f8-cc0328cacb94",
      "name": "Card Frame",
      "padding": 0.0,
      "spacing": 0.0,
      "panels": [
        {
          "panel_id": "43f812b8-899c-4ebf-9673-8d44c4570a46",
          "name": "",
          "enabled": true,
          "locked": true,
          "rotation": 0,
          "padding": "0, 0, 0, 0",
          "material_name": "Blank",
          "material_selection": 0,
          "material_tint": "#00000000",
          "anchor_min": "0, 0",
          "anchor_min_render": "0, 0",
          "anchor_max": "1, 1",
          "anchor_max_render": "1, 1",
          "type": "image",
          "data": {
            "uri": "%PROJECT%/Base Frames/Spade_A.png",
            "mask_uri": "",
            "fit_mode": "fit",
            "zoom": 1.0,
            "offset": "0, 0",
            "tint": "#FFFFFFFF"
          },
          "sort_mode": "2",
          "split_mode": "none",
          "parent_panel_id": "00000000-0000-0000-0000-000000000000"
        }
      ]
    },
    {
      "layer_id": "dce8f205-929f-4395-bd3b-02a4b1cb03df",
      "name": "Attack Grid",
      "padding": 0.0,
      "spacing": 0.0,
      "panels": [
        {
          "panel_id": "64d32d84-ef2e-4939-a38a-6b5849d6313b",
          "name": "",
          "enabled": true,
          "locked": false,
          "rotation": 0,
          "padding": "0, 0, 0, 0",
          "material_name": "Blank",
          "material_selection": 0,
          "material_tint": "#00000000",
          "anchor_min": "0, 0",
          "anchor_min_render": "0, 0",
          "anchor_max": "1, 1",
          "anchor_max_render": "1, 1",
          "type": "image",
          "data": {
            "uri": "%PROJECT%/Base_Pixel_Cards_1_5th_size.png",
            "mask_uri": "",
            "fit_mode": "fit",
            "zoom": 1.0,
            "offset": "0, 0",
            "tint": "#FFFFFFFF"
          },
          "sort_mode": "3",
          "split_mode": "none",
          "parent_panel_id": "00000000-0000-0000-0000-000000000000"
        }
      ]
    },
    {
      "layer_id": "ef49c30f-741e-4b41-ab36-cb6e0742aa55",
      "name": "Stats Layer",
      "padding": 0.0,
      "spacing": 0.0,
      "panels": [
        {
          "panel_id": "15ebb8e4-7762-4360-b6ab-82c3064543d8",
          "name": "",
          "enabled": true,
          "locked": false,
          "rotation": 0,
          "padding": "0, 0, 0, 0",
          "material_name": "Blank",
          "material_selection": 0,
          "material_tint": "#00000000",
          "anchor_min": "0, 0",
          "anchor_min_render": "0, 0",
          "anchor_max": "1, 0.002590674",
          "anchor_max_render": "1, 0.002590647",
          "type": "none",
          "data": {},
          "sort_mode": "4",
          "split_mode": "horizontal",
          "parent_panel_id": "00000000-0000-0000-0000-000000000000"
        },
        {
          "panel_id": "dd4bab3d-3235-46e9-9a6f-0ef9c8a5a6d5",
          "name": "",
          "enabled": true,
          "locked": false,
          "rotation": 0,
          "padding": "0, 0, 0, 0",
          "material_name": "Blank",
          "material_selection": 0,
          "material_tint": "#00000000",
          "anchor_min": "0, 0.002590674",
          "anchor_min_render": "0, 0.002590691",
          "anchor_max": "1, 0.2512953",
          "anchor_max_render": "1, 0.2512953",
          "type": "none",
          "data": {},
          "sort_mode": "5",
          "split_mode": "horizontal",
          "parent_panel_id": "00000000-0000-0000-0000-000000000000"
        },
        {
          "panel_id": "5c969f44-f210-4654-b42f-ce76c1ed34ba",
          "name": "",
          "enabled": true,
          "locked": false,
          "rotation": 0,
          "padding": "0, 0, 0, 0",
          "material_name": "Blank",
          "material_selection": 0,
          "material_tint": "#00000000",
          "anchor_min": "0, 0.2512953",
          "anchor_min_render": "0, 0.2512953",
          "anchor_max": "1, 1",
          "anchor_max_render": "1, 1",
          "type": "none",
          "data": {},
          "sort_mode": "5",
          "split_mode": "horizontal",
          "parent_panel_id": "00000000-0000-0000-0000-000000000000"
        },
        {
          "panel_id": "97aee649-29c9-4d7e-aea8-da12119e4355",
          "name": "",
          "enabled": true,
          "locked": false,
          "rotation": 0,
          "padding": "0, 0, 0, 0",
          "material_name": "Blank",
          "material_selection": 0,
          "material_tint": "#00000000",
          "anchor_min": "0, 0",
          "anchor_min_render": "0, 0.2512953",
          "anchor_max": "0.2799956, 1",
          "anchor_max_render": "0.2799957, 1",
          "type": "none",
          "data": {},
          "sort_mode": "5",
          "split_mode": "vertical",
          "parent_panel_id": "5c969f44-f210-4654-b42f-ce76c1ed34ba"
        },
        {
          "panel_id": "c26ff33d-68b0-431d-8741-54a27fd6ced1",
          "name": "",
          "enabled": true,
          "locked": false,
          "rotation": 0,
          "padding": "0, 0, 0, 0",
          "material_name": "Blank",
          "material_selection": 0,
          "material_tint": "#00000000",
          "anchor_min": "0, 0",
          "anchor_min_render": "0, 0.2512953",
          "anchor_max": "1, 0.2064591",
          "anchor_max_render": "0.2799957, 0.4058721",
          "type": "none",
          "data": {},
          "sort_mode": "14",
          "split_mode": "horizontal",
          "parent_panel_id": "97aee649-29c9-4d7e-aea8-da12119e4355"
        },
        {
          "panel_id": "305478f4-02bb-4c7c-a7c2-dc2a29a1f18f",
          "name": "",
          "enabled": true,
          "locked": false,
          "rotation": 0,
          "padding": "0, 0, 0, 0",
          "material_name": "Blank",
          "material_selection": 0,
          "material_tint": "#00000000",
          "anchor_min": "0, 0",
          "anchor_min_render": "0, 0.2512953",
          "anchor_max": "0.1858356, 1",
          "anchor_max_render": "0.0520332, 0.4058721",
          "type": "none",
          "data": {},
          "sort_mode": "6",
          "split_mode": "vertical",
          "parent_panel_id": "c26ff33d-68b0-431d-8741-54a27fd6ced1"
        },
        {
          "panel_id": "fc7df261-1fc8-42a7-a2cd-90e383307c2a",
          "name": "",
          "enabled": true,
          "locked": false,
          "rotation": 0,
          "padding": "0, 0, 0, 0",
          "material_name": "Blank",
          "material_selection": 0,
          "material_tint": "#00000000",
          "anchor_min": "0.1858356, 0",
          "anchor_min_render": "0.05203316, 0.2512953",
          "anchor_max": "1, 1",
          "anchor_max_render": "0.2799957, 0.4058721",
          "type": "text",
          "data": {
            "font_family": "BIOSfontII",
            "font_preferred_size": 48,
            "line_spacing": 1.0,
            "text_anchor": "middlecenter",
            "text": "99",
            "color": "#FFFFFFFF",
            "outline_length": 1.0,
            "outline_color": "#FFFFFF00",
            "image_scaling": 1.0,
            "image_offset": "0, 0"
          },
          "sort_mode": "7",
          "split_mode": "vertical",
          "parent_panel_id": "c26ff33d-68b0-431d-8741-54a27fd6ced1"
        },
        {
          "panel_id": "54441126-cda6-47c6-8ca2-82a491d20b3b",
          "name": "",
          "enabled": true,
          "locked": false,
          "rotation": 0,
          "padding": "0, 0, 0, 0",
          "material_name": "Blank",
          "material_selection": 0,
          "material_tint": "#00000000",
          "anchor_min": "0, 0.2064591",
          "anchor_min_render": "0, 0.4058723",
          "anchor_max": "1, 0.432526",
          "anchor_max_render": "0.2799957, 0.5751296",
          "type": "none",
          "data": {},
          "sort_mode": "8",
          "split_mode": "horizontal",
          "parent_panel_id": "97aee649-29c9-4d7e-aea8-da12119e4355"
        },
        {
          "panel_id": "c2a3590d-78d6-46e7-8c6b-2323ade7033d",
          "name": "",
          "enabled": true,
          "locked": false,
          "rotation": 0,
          "padding": "0, 0, 0, 0",
          "material_name": "Blank",
          "material_selection": 0,
          "material_tint": "#00000000",
          "anchor_min": "0, 0.432526",
          "anchor_min_render": "0, 0.5751296",
          "anchor_max": "1, 0.6378316",
          "anchor_max_render": "0.2799957, 0.7288428",
          "type": "none",
          "data": {},
          "sort_mode": "11",
          "split_mode": "horizontal",
          "parent_panel_id": "97aee649-29c9-4d7e-aea8-da12119e4355"
        },
        {
          "panel_id": "0b9a85c8-7c37-4b28-944e-765ced3876f4",
          "name": "",
          "enabled": true,
          "locked": false,
          "rotation": 0,
          "padding": "0, 0, 0, 0",
          "material_name": "Blank",
          "material_selection": 0,
          "material_tint": "#00000000",
          "anchor_min": "0, 0",
          "anchor_min_render": "0, 0.5751296",
          "anchor_max": "0.181573, 1",
          "anchor_max_render": "0.05083967, 0.7288428",
          "type": "none",
          "data": {},
          "sort_mode": "9",
          "split_mode": "vertical",
          "parent_panel_id": "c2a3590d-78d6-46e7-8c6b-2323ade7033d"
        },
        {
          "panel_id": "6adcc6e2-4a12-4569-ab8a-4523e6555190",
          "name": "",
          "enabled": true,
          "locked": false,
          "rotation": 0,
          "padding": "0, 0, 0, 0",
          "material_name": "Blank",
          "material_selection": 0,
          "material_tint": "#00000000",
          "anchor_min": "0.181573, 0",
          "anchor_min_render": "0.05083963, 0.5751296",
          "anchor_max": "1, 1",
          "anchor_max_render": "0.2799956, 0.7288428",
          "type": "none",
          "data": {},
          "sort_mode": "11",
          "split_mode": "vertical",
          "parent_panel_id": "c2a3590d-78d6-46e7-8c6b-2323ade7033d"
        },
        {
          "panel_id": "2fe8bea5-76f6-4d16-a0ae-e97051244af3",
          "name": "",
          "enabled": true,
          "locked": false,
          "rotation": 0,
          "padding": "0, 0, 0, 0",
          "material_name": "Blank",
          "material_selection": 0,
          "material_tint": "#00000000",
          "anchor_min": "0, 0.6378316",
          "anchor_min_render": "0, 0.7288428",
          "anchor_max": "1, 0.7585034",
          "anchor_max_render": "0.2799957, 0.8191903",
          "type": "none",
          "data": {},
          "sort_mode": "10",
          "split_mode": "horizontal",
          "parent_panel_id": "97aee649-29c9-4d7e-aea8-da12119e4355"
        },
        {
          "panel_id": "b50ccc28-f39c-434f-83ff-8ce0df0d1aac",
          "name": "Pip Cost",
          "enabled": true,
          "locked": false,
          "rotation": 0,
          "padding": "0.15, 0.15, 0.15, 0.1",
          "material_name": "Blank",
          "material_selection": 0,
          "material_tint": "#00000000",
          "anchor_min": "0, 0.7585034",
          "anchor_min_render": "0, 0.8191903",
          "anchor_max": "1, 1",
          "anchor_max_render": "0.2799957, 0.9999999",
          "type": "text",
          "data": {
            "font_family": "BIOSfontII",
            "font_preferred_size": 36,
            "line_spacing": 1.0,
            "text_anchor": "middlecenter",
            "text": "10",
            "color": "#FFFFFFFF",
            "outline_length": 1.0,
            "outline_color": "#FFFFFF00",
            "image_scaling": 1.0,
            "image_offset": "0, 0"
          },
          "sort_mode": "12",
          "split_mode": "horizontal",
          "parent_panel_id": "97aee649-29c9-4d7e-aea8-da12119e4355"
        },
        {
          "panel_id": "c8e27747-6721-4a3e-be56-d82c592c94d8",
          "name": "",
          "enabled": true,
          "locked": false,
          "rotation": 0,
          "padding": "0, 0, 0, 0",
          "material_name": "Blank",
          "material_selection": 0,
          "material_tint": "#00000000",
          "anchor_min": "0.2799956, 0",
          "anchor_min_render": "0.2799956, 0.2512953",
          "anchor_max": "1, 1",
          "anchor_max_render": "1, 1",
          "type": "none",
          "data": {},
          "sort_mode": "13",
          "split_mode": "vertical",
          "parent_panel_id": "5c969f44-f210-4654-b42f-ce76c1ed34ba"
        }
      ]
    },
    {
      "layer_id": "772b6f9b-99d1-424c-85a7-9c99f0d5c5c3",
      "name": "Text Layers",
      "padding": 0.0,
      "spacing": 0.0,
      "panels": [
        {
          "panel_id": "b3b39ec1-6297-4132-919f-c213c5c26ea1",
          "name": "",
          "enabled": true,
          "locked": false,
          "rotation": 0,
          "padding": "0, 0, 0, 0",
          "material_name": "Blank",
          "material_selection": 0,
          "material_tint": "#00000000",
          "anchor_min": "0, 0",
          "anchor_min_render": "0, 1.494977E-08",
          "anchor_max": "1, 0.03862678",
          "anchor_max_render": "1, 0.03862677",
          "type": "none",
          "data": {},
          "sort_mode": "14",
          "split_mode": "horizontal",
          "parent_panel_id": "00000000-0000-0000-0000-000000000000"
        },
        {
          "panel_id": "da23ec06-86cf-46bf-a5dc-ca4cebc94396",
          "name": "Effect",
          "enabled": true,
          "locked": false,
          "rotation": 0,
          "padding": "0.15, 0.11, 0.15, 0.11",
          "material_name": "Blank",
          "material_selection": 0,
          "material_tint": "#00000000",
          "anchor_min": "0, 0.03862678",
          "anchor_min_render": "0, 0.03862678",
          "anchor_max": "1, 0.2384095",
          "anchor_max_render": "1, 0.2384095",
          "type": "text",
          "data": {
            "font_family": "BIOSfontII",
            "font_preferred_size": 16,
            "line_spacing": 1.0,
            "text_anchor": "upperleft",
            "text": "This is a cards effect text. Each card is allowed up two effects that they can use, one Passive effect, that last while the card is on the field, and an active effect, which works by taking the effect action. ",
            "color": "#FFFFFFFF",
            "outline_length": 1.0,
            "outline_color": "#FFFFFF00",
            "image_scaling": 1.0,
            "image_offset": "0, 0"
          },
          "sort_mode": "15",
          "split_mode": "horizontal",
          "parent_panel_id": "00000000-0000-0000-0000-000000000000"
        },
        {
          "panel_id": "585353b8-c81f-4290-9a14-a3de11c7f66b",
          "name": "",
          "enabled": true,
          "locked": false,
          "rotation": 0,
          "padding": "0, 0, 0, 0",
          "material_name": "Blank",
          "material_selection": 0,
          "material_tint": "#00000000",
          "anchor_min": "0, 0.2384095",
          "anchor_min_render": "0, 0.2384095",
          "anchor_max": "1, 0.8846626",
          "anchor_max_render": "1, 0.8846625",
          "type": "none",
          "data": {},
          "sort_mode": "16",
          "split_mode": "horizontal",
          "parent_panel_id": "00000000-0000-0000-0000-000000000000"
        },
        {
          "panel_id": "75b16ca3-c0bc-439e-bd4c-4b086198ae9d",
          "name": "",
          "enabled": true,
          "locked": false,
          "rotation": 0,
          "padding": "0, 0, 0, 0",
          "material_name": "Blank",
          "material_selection": 0,
          "material_tint": "#00000000",
          "anchor_min": "0, 0",
          "anchor_min_render": "-4.185937E-08, 0.2384095",
          "anchor_max": "0.9877631, 1",
          "anchor_max_render": "0.9877632, 0.8846625",
          "type": "none",
          "data": {},
          "sort_mode": "16",
          "split_mode": "vertical",
          "parent_panel_id": "585353b8-c81f-4290-9a14-a3de11c7f66b"
        },
        {
          "panel_id": "465de690-fdbc-46d6-9bb0-8a5251f2bcdf",
          "name": "",
          "enabled": true,
          "locked": false,
          "rotation": 0,
          "padding": "0, 0, 0, 0",
          "material_name": "Blank",
          "material_selection": 0,
          "material_tint": "#00000000",
          "anchor_min": "0.9877631, 0",
          "anchor_min_render": "0.9877631, 0.2384095",
          "anchor_max": "1, 1",
          "anchor_max_render": "1, 0.8846625",
          "type": "none",
          "data": {},
          "sort_mode": "17",
          "split_mode": "vertical",
          "parent_panel_id": "585353b8-c81f-4290-9a14-a3de11c7f66b"
        },
        {
          "panel_id": "d669d2cd-4ba4-42d9-ba3c-6457c6777a80",
          "name": "",
          "enabled": true,
          "locked": false,
          "rotation": 0,
          "padding": "0, 0, 0, 0",
          "material_name": "Blank",
          "material_selection": 0,
          "material_tint": "#00000000",
          "anchor_min": "0, 0.8846626",
          "anchor_min_render": "0, 0.8846625",
          "anchor_max": "1, 0.9349693",
          "anchor_max_render": "1, 0.9349692",
          "type": "none",
          "data": {},
          "sort_mode": "24",
          "split_mode": "horizontal",
          "parent_panel_id": "00000000-0000-0000-0000-000000000000"
        },
        {
          "panel_id": "9cbf4d92-621f-458b-b597-452e632269fa",
          "name": "",
          "enabled": true,
          "locked": false,
          "rotation": 0,
          "padding": "0, 0, 0, 0",
          "material_name": "Blank",
          "material_selection": 0,
          "material_tint": "#00000000",
          "anchor_min": "0, 0",
          "anchor_min_render": "0, 0.8846625",
          "anchor_max": "0.3231104, 1",
          "anchor_max_render": "0.3231105, 0.9349692",
          "type": "none",
          "data": {},
          "sort_mode": "18",
          "split_mode": "vertical",
          "parent_panel_id": "d669d2cd-4ba4-42d9-ba3c-6457c6777a80"
        },
        {
          "panel_id": "e447e8b6-f213-42f0-a0e5-080b2090f766",
          "name": "Quote",
          "enabled": true,
          "locked": false,
          "rotation": 0,
          "padding": "0.05, 0.02, 0.15, 0.04",
          "material_name": "Blank",
          "material_selection": 0,
          "material_tint": "#00000000",
          "anchor_min": "0.3231104, 0",
          "anchor_min_render": "0.3231103, 0.8846625",
          "anchor_max": "0.960411, 1",
          "anchor_max_render": "0.960411, 0.9349692",
          "type": "text",
          "data": {
            "font_family": "BIOSfontII",
            "font_preferred_size": 12,
            "line_spacing": 1.0,
            "text_anchor": "middlecenter",
            "text": "This is a quote or a little bit of text",
            "color": "#FFFFFFFF",
            "outline_length": 1.0,
            "outline_color": "#FFFFFF00",
            "image_scaling": 1.0,
            "image_offset": "0, 0"
          },
          "sort_mode": "19",
          "split_mode": "vertical",
          "parent_panel_id": "d669d2cd-4ba4-42d9-ba3c-6457c6777a80"
        },
        {
          "panel_id": "0dfe84ab-3f34-420e-a08d-6b785c4de148",
          "name": "",
          "enabled": true,
          "locked": false,
          "rotation": 0,
          "padding": "0, 0, 0, 0",
          "material_name": "Blank",
          "material_selection": 0,
          "material_tint": "#00000000",
          "anchor_min": "0.960411, 0",
          "anchor_min_render": "0.960411, 0.8846625",
          "anchor_max": "1, 1",
          "anchor_max_render": "1, 0.9349692",
          "type": "none",
          "data": {},
          "sort_mode": "20",
          "split_mode": "vertical",
          "parent_panel_id": "d669d2cd-4ba4-42d9-ba3c-6457c6777a80"
        },
        {
          "panel_id": "ea28b7e1-bd6f-4723-a15b-7752f2ba8f00",
          "name": "",
          "enabled": true,
          "locked": false,
          "rotation": 0,
          "padding": "0, 0, 0, 0",
          "material_name": "Blank",
          "material_selection": 0,
          "material_tint": "#00000000",
          "anchor_min": "0, 0.9349693",
          "anchor_min_render": "0, 0.9349694",
          "anchor_max": "1, 1",
          "anchor_max_render": "1, 1",
          "type": "none",
          "data": {},
          "sort_mode": "19",
          "split_mode": "horizontal",
          "parent_panel_id": "00000000-0000-0000-0000-000000000000"
        },
        {
          "panel_id": "d36d9ea9-6341-46c4-8052-d4e29fd5a26d",
          "name": "",
          "enabled": true,
          "locked": false,
          "rotation": 0,
          "padding": "0, 0, 0, 0",
          "material_name": "Blank",
          "material_selection": 0,
          "material_tint": "#00000000",
          "anchor_min": "0, 0",
          "anchor_min_render": "4.185937E-08, 0.9349694",
          "anchor_max": "0.3213926, 1",
          "anchor_max_render": "0.3213927, 1",
          "type": "none",
          "data": {},
          "sort_mode": "21",
          "split_mode": "vertical",
          "parent_panel_id": "ea28b7e1-bd6f-4723-a15b-7752f2ba8f00"
        },
        {
          "panel_id": "499e5d00-0c9d-430d-a5c5-b892527e36c3",
          "name": "Name",
          "enabled": true,
          "locked": false,
          "rotation": 0,
          "padding": "0.35, 0.03, 0.1, 0.03",
          "material_name": "Blank",
          "material_selection": 0,
          "material_tint": "#00000000",
          "anchor_min": "0.3213926, 0",
          "anchor_min_render": "0.3213926, 0.9349694",
          "anchor_max": "0.9672821, 1",
          "anchor_max_render": "0.9672822, 1",
          "type": "text",
          "data": {
            "font_family": "Rockboxcond12",
            "font_preferred_size": 20,
            "line_spacing": 1.0,
            "text_anchor": "middleleft",
            "text": "Name Here yes yes it goes here and",
            "color": "#FFFFFFFF",
            "outline_length": 1.0,
            "outline_color": "#FFFFFF00",
            "image_scaling": 1.0,
            "image_offset": "0, 0"
          },
          "sort_mode": "22",
          "split_mode": "vertical",
          "parent_panel_id": "ea28b7e1-bd6f-4723-a15b-7752f2ba8f00"
        },
        {
          "panel_id": "ee6fee45-466a-4b91-af22-bfcbc272db79",
          "name": "",
          "enabled": true,
          "locked": false,
          "rotation": 0,
          "padding": "0, 0, 0, 0",
          "material_name": "Blank",
          "material_selection": 0,
          "material_tint": "#00000000",
          "anchor_min": "0.9672821, 0",
          "anchor_min_render": "0.9672822, 0.9349694",
          "anchor_max": "1, 1",
          "anchor_max_render": "1, 1",
          "type": "none",
          "data": {},
          "sort_mode": "23",
          "split_mode": "vertical",
          "parent_panel_id": "ea28b7e1-bd6f-4723-a15b-7752f2ba8f00"
        }
      ]
    }
  ],
  "back_layers": [
    {
      "layer_id": "02e6bc40-a905-4161-9f38-17c576bcf1d0",
      "name": "Layer 01 Back",
      "padding": 2.638507E-05,
      "spacing": 0.025,
      "panels": [
        {
          "panel_id": "a7e79eca-feff-460a-b978-3ecf4e37ea32",
          "name": "",
          "enabled": true,
          "locked": false,
          "rotation": 0,
          "padding": "0, 0, 0, 0",
          "material_name": "Blank",
          "material_selection": 0,
          "material_tint": "#00000000",
          "anchor_min": "0, 0",
          "anchor_min_render": "0, 0",
          "anchor_max": "1, 1",
          "anchor_max_render": "1, 1",
          "type": "image",
          "data": {
            "uri": "%PROJECT%/Base Frames/Back.png",
            "mask_uri": "",
            "fit_mode": "fit",
            "zoom": 1.0,
            "offset": "0, 0",
            "tint": "#FFFFFFFF"
          },
          "sort_mode": "24",
          "split_mode": "none",
          "parent_panel_id": "00000000-0000-0000-0000-000000000000"
        }
      ]
    }
  ]
}