{
  "version": 2.12,
  "blueprint_id": "d583db1d-a8bf-4dc9-9670-263905a32506",
  "name": "Red-Basic",
  "layout_size": "63.5, 88.9",
  "layout_grid_size": "0.232, 0.232",
  "layout_grid_offset": "0, 0",
  "layout_grid_square": false,
  "layout_grid_centered": false,
  "main_panel_id": "5fb195bd-b3c4-496e-acb5-79b26a7c5af8",
  "front_layers": [
    {
      "layer_id": "458187f6-13a2-48c4-be0c-c9db331a22d8",
      "name": "Black Base",
      "padding": 0.0,
      "spacing": 0.0,
      "panels": [
        {
          "panel_id": "fc8bd18b-c4fc-4784-bea9-6022ce032dd3",
          "name": "",
          "enabled": true,
          "locked": true,
          "rotation": 0,
          "padding": "0, 0, 0, 0",
          "material_name": "Blank",
          "material_selection": 0,
          "material_tint": "#00000000",
          "anchor_min": "0, 0",
          "anchor_min_render": "0, 0",
          "anchor_max": "1, 1",
          "anchor_max_render": "1, 1",
          "type": "image",
          "data": {
            "uri": "%PROJECT%/Base Frames/Base.png",
            "mask_uri": "",
            "fit_mode": "fit",
            "zoom": 1.0,
            "offset": "0, 0",
            "tint": "#FF0000FF"
          },
          "sort_mode": "0",
          "split_mode": "none",
          "parent_panel_id": "00000000-0000-0000-0000-000000000000"
        }
      ]
    },
    {
      "layer_id": "007cba4c-a055-4e34-aaf7-46f3e6f2e220",
      "name": "Image Layer",
      "padding": 0.0,
      "spacing": 0.0,
      "panels": [
        {
          "panel_id": "47290cdb-8665-40d0-9c95-49c1cac8afc6",
          "name": "Image",
          "enabled": true,
          "locked": false,
          "rotation": 0,
          "padding": "0, 0, 0, 0",
          "material_name": "Blank",
          "material_selection": 0,
          "material_tint": "#00000000",
          "anchor_min": "0, 0",
          "anchor_min_render": "0, 0",
          "anchor_max": "1, 1",
          "anchor_max_render": "1, 1",
          "type": "image",
          "data": {
            "uri": "",
            "mask_uri": "",
            "fit_mode": "fit",
            "zoom": 1.0,
            "offset": "0, 0",
            "tint": "#FFFFFFFF"
          },
          "sort_mode": "1",
          "split_mode": "none",
          "parent_panel_id": "00000000-0000-0000-0000-000000000000"
        }
      ]
    },
    {
      "layer_id": "a50f3e8d-5795-48ed-91c8-7b602d30d2ad",
      "name": "Card Frame",
      "padding": 0.0,
      "spacing": 0.0,
      "panels": [
        {
          "panel_id": "03f3d257-c85d-443d-8c25-59488c1827e9",
          "name": "",
          "enabled": true,
          "locked": true,
          "rotation": 0,
          "padding": "0, 0, 0, 0",
          "material_name": "Blank",
          "material_selection": 0,
          "material_tint": "#00000000",
          "anchor_min": "0, 0",
          "anchor_min_render": "0, 0",
          "anchor_max": "1, 1",
          "anchor_max_render": "1, 1",
          "type": "image",
          "data": {
            "uri": "%PROJECT%/Base Frames/FrameR.png",
            "mask_uri": "",
            "fit_mode": "fit",
            "zoom": 1.0,
            "offset": "0, 0",
            "tint": "#FFFFFFFF"
          },
          "sort_mode": "2",
          "split_mode": "none",
          "parent_panel_id": "00000000-0000-0000-0000-000000000000"
        }
      ]
    },
    {
      "layer_id": "c97384bf-f254-49d3-bb0f-43ca97013cc4",
      "name": "Grid Layer",
      "padding": 0.0,
      "spacing": 0.0,
      "panels": [
        {
          "panel_id": "9f8fde30-c83a-490a-93fd-c234e888603c",
          "name": "Grid",
          "enabled": true,
          "locked": false,
          "rotation": 0,
          "padding": "0, 0, 0, 0",
          "material_name": "Blank",
          "material_selection": 0,
          "material_tint": "#00000000",
          "anchor_min": "0, 0",
          "anchor_min_render": "0, 0",
          "anchor_max": "1, 1",
          "anchor_max_render": "1, 1",
          "type": "image",
          "data": {
            "uri": "%PROJECT%/Attack_Grids/Attack Grid Base.png",
            "mask_uri": "",
            "fit_mode": "fit",
            "zoom": 1.0,
            "offset": "0, 0",
            "tint": "#FFFFFFFF"
          },
          "sort_mode": "3",
          "split_mode": "none",
          "parent_panel_id": "00000000-0000-0000-0000-000000000000"
        }
      ]
    },
    {
      "layer_id": "00e34453-8135-40a3-96be-903940689686",
      "name": "Stats Layer",
      "padding": 0.0,
      "spacing": 0.0,
      "panels": [
        {
          "panel_id": "fd7b94c7-6d1e-4adc-94bc-88f6f97397e8",
          "name": "",
          "enabled": true,
          "locked": false,
          "rotation": 0,
          "padding": "0, 0, 0, 0",
          "material_name": "Blank",
          "material_selection": 0,
          "material_tint": "#00000000",
          "anchor_min": "0, 0",
          "anchor_min_render": "0, 2.635369E-08",
          "anchor_max": "1, 0.2220859",
          "anchor_max_render": "1, 0.2220859",
          "type": "none",
          "data": {},
          "sort_mode": "4",
          "split_mode": "horizontal",
          "parent_panel_id": "00000000-0000-0000-0000-000000000000"
        },
        {
          "panel_id": "e28ad9ea-8a60-4e03-8f84-f95a352a77fe",
          "name": "",
          "enabled": true,
          "locked": false,
          "rotation": 0,
          "padding": "0, 0, 0, 0",
          "material_name": "Blank",
          "material_selection": 0,
          "material_tint": "#00000000",
          "anchor_min": "0, 0.2220859",
          "anchor_min_render": "0, 0.2220859",
          "anchor_max": "1, 0.395092",
          "anchor_max_render": "1, 0.395092",
          "type": "none",
          "data": {},
          "sort_mode": "7",
          "split_mode": "horizontal",
          "parent_panel_id": "00000000-0000-0000-0000-000000000000"
        },
        {
          "panel_id": "3168e195-d3f3-4ef6-9385-0850d204119d",
          "name": "",
          "enabled": true,
          "locked": false,
          "rotation": 0,
          "padding": "0, 0, 0, 0",
          "material_name": "Blank",
          "material_selection": 0,
          "material_tint": "#00000000",
          "anchor_min": "0, 0",
          "anchor_min_render": "0, 0.2220859",
          "anchor_max": "0.1650735, 1",
          "anchor_max_render": "0.1650734, 0.395092",
          "type": "none",
          "data": {},
          "sort_mode": "5",
          "split_mode": "vertical",
          "parent_panel_id": "e28ad9ea-8a60-4e03-8f84-f95a352a77fe"
        },
        {
          "panel_id": "4e2fbdc4-6d34-4716-8513-77a6ad60ec5d",
          "name": "Attack",
          "enabled": true,
          "locked": false,
          "rotation": 0,
          "padding": "0.1, 0.08, 0.1, 0.08",
          "material_name": "Blank",
          "material_selection": 0,
          "material_tint": "#00000000",
          "anchor_min": "0.1650735, 0",
          "anchor_min_render": "0.1650735, 0.2220859",
          "anchor_max": "0.3866687, 1",
          "anchor_max_render": "0.3866686, 0.395092",
          "type": "text",
          "data": {
            "font_family": "BIOSfontII",
            "font_preferred_size": 48,
            "line_spacing": 1.0,
            "text_anchor": "middlecenter",
            "text": "1",
            "color": "#FFFFFFFF",
            "outline_length": 1.0,
            "outline_color": "#FFFFFF00",
            "image_scaling": 1.0,
            "image_offset": "0, 0"
          },
          "sort_mode": "6",
          "split_mode": "vertical",
          "parent_panel_id": "e28ad9ea-8a60-4e03-8f84-f95a352a77fe"
        },
        {
          "panel_id": "e899825d-64d9-4c4b-acf9-2bb11b8f2e20",
          "name": "",
          "enabled": true,
          "locked": false,
          "rotation": 0,
          "padding": "0, 0, 0, 0",
          "material_name": "Blank",
          "material_selection": 0,
          "material_tint": "#00000000",
          "anchor_min": "0.3866687, 0",
          "anchor_min_render": "0.3866688, 0.2220859",
          "anchor_max": "0.6134171, 1",
          "anchor_max_render": "0.6134171, 0.395092",
          "type": "none",
          "data": {},
          "sort_mode": "7",
          "split_mode": "vertical",
          "parent_panel_id": "e28ad9ea-8a60-4e03-8f84-f95a352a77fe"
        },
        {
          "panel_id": "8c410aff-3d7d-4f9f-8131-b6e64a424a6f",
          "name": "Defense",
          "enabled": true,
          "locked": false,
          "rotation": 0,
          "padding": "0.1, 0.08, 0.1, 0.08",
          "material_name": "Blank",
          "material_selection": 0,
          "material_tint": "#00000000",
          "anchor_min": "0.6134171, 0",
          "anchor_min_render": "0.613417, 0.2220859",
          "anchor_max": "0.8384477, 1",
          "anchor_max_render": "0.8384476, 0.395092",
          "type": "text",
          "data": {
            "font_family": "BIOSfontII",
            "font_preferred_size": 48,
            "line_spacing": 1.0,
            "text_anchor": "middlecenter",
            "text": "1",
            "color": "#FFFFFFFF",
            "outline_length": 1.0,
            "outline_color": "#FFFFFF00",
            "image_scaling": 1.0,
            "image_offset": "0, 0"
          },
          "sort_mode": "8",
          "split_mode": "vertical",
          "parent_panel_id": "e28ad9ea-8a60-4e03-8f84-f95a352a77fe"
        },
        {
          "panel_id": "17e7b8be-cd38-4977-8ebd-e3191320b1c7",
          "name": "",
          "enabled": true,
          "locked": false,
          "rotation": 0,
          "padding": "0, 0, 0, 0",
          "material_name": "Blank",
          "material_selection": 0,
          "material_tint": "#00000000",
          "anchor_min": "0.8384477, 0",
          "anchor_min_render": "0.8384476, 0.2220859",
          "anchor_max": "1, 1",
          "anchor_max_render": "0.9999999, 0.395092",
          "type": "none",
          "data": {},
          "sort_mode": "9",
          "split_mode": "vertical",
          "parent_panel_id": "e28ad9ea-8a60-4e03-8f84-f95a352a77fe"
        },
        {
          "panel_id": "372b8b16-e0f7-47bf-b8b3-ba65b6372add",
          "name": "",
          "enabled": true,
          "locked": false,
          "rotation": 0,
          "padding": "0, 0, 0, 0",
          "material_name": "Blank",
          "material_selection": 0,
          "material_tint": "#00000000",
          "anchor_min": "0, 0.395092",
          "anchor_min_render": "0, 0.3950921",
          "anchor_max": "1, 1",
          "anchor_max_render": "1, 1",
          "type": "none",
          "data": {},
          "sort_mode": "5",
          "split_mode": "horizontal",
          "parent_panel_id": "00000000-0000-0000-0000-000000000000"
        },
        {
          "panel_id": "6512c9eb-63d4-45f8-a90d-bf4dfd2e1c54",
          "name": "",
          "enabled": true,
          "locked": false,
          "rotation": 0,
          "padding": "0, 0, 0, 0",
          "material_name": "Blank",
          "material_selection": 0,
          "material_tint": "#00000000",
          "anchor_min": "0, 0",
          "anchor_min_render": "0, 0.3950921",
          "anchor_max": "0.2578343, 1",
          "anchor_max_render": "0.2578342, 1",
          "type": "none",
          "data": {},
          "sort_mode": "5",
          "split_mode": "vertical",
          "parent_panel_id": "372b8b16-e0f7-47bf-b8b3-ba65b6372add"
        },
        {
          "panel_id": "7c454d55-5bca-400e-93e8-a591ef1bedae",
          "name": "",
          "enabled": true,
          "locked": false,
          "rotation": 0,
          "padding": "0, 0, 0, 0",
          "material_name": "Blank",
          "material_selection": 0,
          "material_tint": "#00000000",
          "anchor_min": "0, 0",
          "anchor_min_render": "0, 0.395092",
          "anchor_max": "1, 0.693712",
          "anchor_max_render": "0.2578342, 0.8147239",
          "type": "none",
          "data": {},
          "sort_mode": "10",
          "split_mode": "horizontal",
          "parent_panel_id": "6512c9eb-63d4-45f8-a90d-bf4dfd2e1c54"
        },
        {
          "panel_id": "7613b8d8-4164-4f71-b312-9712eb1a2718",
          "name": "Pip Cost",
          "enabled": true,
          "locked": false,
          "rotation": 0,
          "padding": "0.15, 0.05, 0.15, 0.1",
          "material_name": "Blank",
          "material_selection": 0,
          "material_tint": "#00000000",
          "anchor_min": "0, 0.693712",
          "anchor_min_render": "0, 0.8147239",
          "anchor_max": "1, 1",
          "anchor_max_render": "0.2578342, 1",
          "type": "text",
          "data": {
            "font_family": "BIOSfontII",
            "font_preferred_size": 36,
            "line_spacing": 1.0,
            "text_anchor": "middlecenter",
            "text": "10",
            "color": "#FFFFFFFF",
            "outline_length": 1.0,
            "outline_color": "#FFFFFF00",
            "image_scaling": 1.0,
            "image_offset": "0, 0"
          },
          "sort_mode": "11",
          "split_mode": "horizontal",
          "parent_panel_id": "6512c9eb-63d4-45f8-a90d-bf4dfd2e1c54"
        },
        {
          "panel_id": "edab38e2-f2b3-474c-afa0-a1477c8d906d",
          "name": "",
          "enabled": true,
          "locked": false,
          "rotation": 0,
          "padding": "0, 0, 0, 0",
          "material_name": "Blank",
          "material_selection": 0,
          "material_tint": "#00000000",
          "anchor_min": "0.2578343, 0",
          "anchor_min_render": "0.2578342, 0.3950921",
          "anchor_max": "1, 1",
          "anchor_max_render": "0.9999999, 1",
          "type": "none",
          "data": {},
          "sort_mode": "12",
          "split_mode": "vertical",
          "parent_panel_id": "372b8b16-e0f7-47bf-b8b3-ba65b6372add"
        }
      ]
    },
    {
      "layer_id": "5e267ee8-f26a-43b1-b683-5af7e44af20d",
      "name": "Text Layers",
      "padding": 0.0,
      "spacing": 0.0,
      "panels": [
        {
          "panel_id": "7144ce38-9fdd-431e-a612-37f541c032e1",
          "name": "",
          "enabled": true,
          "locked": false,
          "rotation": 0,
          "padding": "0, 0, 0, 0",
          "material_name": "Blank",
          "material_selection": 0,
          "material_tint": "#00000000",
          "anchor_min": "0, 0",
          "anchor_min_render": "0, -5.270739E-08",
          "anchor_max": "1, 0.02699387",
          "anchor_max_render": "1, 0.02699383",
          "type": "none",
          "data": {},
          "sort_mode": "13",
          "split_mode": "horizontal",
          "parent_panel_id": "00000000-0000-0000-0000-000000000000"
        },
        {
          "panel_id": "580dcb06-fac8-4dc9-9c97-d5e33ba8856c",
          "name": "Effect",
          "enabled": true,
          "locked": false,
          "rotation": 0,
          "padding": "0.15, 0.11, 0.2, 0.11",
          "material_name": "Blank",
          "material_selection": 0,
          "material_tint": "#00000000",
          "anchor_min": "0, 0.02699387",
          "anchor_min_render": "0, 0.02699388",
          "anchor_max": "1, 0.2196319",
          "anchor_max_render": "1, 0.2196319",
          "type": "text",
          "data": {
            "font_family": "BIOSfontII",
            "font_preferred_size": 16,
            "line_spacing": 1.0,
            "text_anchor": "upperleft",
            "text": "This is a cards effect text. Each card is allowed up two effects that they can use, one Passive effect, that last while the card is on the field, and an active effect, which works by taking the effect action. ",
            "color": "#FFFFFFFF",
            "outline_length": 1.0,
            "outline_color": "#FFFFFF00",
            "image_scaling": 1.0,
            "image_offset": "0, 0"
          },
          "sort_mode": "14",
          "split_mode": "horizontal",
          "parent_panel_id": "00000000-0000-0000-0000-000000000000"
        },
        {
          "panel_id": "12bc5b78-6c2f-4462-89e4-5beef9d67935",
          "name": "",
          "enabled": true,
          "locked": false,
          "rotation": 0,
          "padding": "0, 0, 0, 0",
          "material_name": "Blank",
          "material_selection": 0,
          "material_tint": "#00000000",
          "anchor_min": "0, 0.2196319",
          "anchor_min_render": "0, 0.2196319",
          "anchor_max": "1, 0.8846626",
          "anchor_max_render": "1, 0.8846626",
          "type": "none",
          "data": {},
          "sort_mode": "15",
          "split_mode": "horizontal",
          "parent_panel_id": "00000000-0000-0000-0000-000000000000"
        },
        {
          "panel_id": "58f2e8df-4a0b-41c6-bd3f-ea4ff071964a",
          "name": "",
          "enabled": true,
          "locked": false,
          "rotation": 0,
          "padding": "0, 0, 0, 0",
          "material_name": "Blank",
          "material_selection": 0,
          "material_tint": "#00000000",
          "anchor_min": "0, 0.8846626",
          "anchor_min_render": "0, 0.8846626",
          "anchor_max": "1, 0.9349693",
          "anchor_max_render": "1, 0.9349693",
          "type": "none",
          "data": {},
          "sort_mode": "24",
          "split_mode": "horizontal",
          "parent_panel_id": "00000000-0000-0000-0000-000000000000"
        },
        {
          "panel_id": "5e49faad-9d75-4fe3-baa5-c26b2eee57b2",
          "name": "",
          "enabled": true,
          "locked": false,
          "rotation": 0,
          "padding": "0, 0, 0, 0",
          "material_name": "Blank",
          "material_selection": 0,
          "material_tint": "#00000000",
          "anchor_min": "0, 0",
          "anchor_min_render": "0, 0.8846626",
          "anchor_max": "0.3231104, 1",
          "anchor_max_render": "0.3231103, 0.9349693",
          "type": "none",
          "data": {},
          "sort_mode": "16",
          "split_mode": "vertical",
          "parent_panel_id": "58f2e8df-4a0b-41c6-bd3f-ea4ff071964a"
        },
        {
          "panel_id": "e0b45118-cd1f-4d1b-b6d8-891ae684c7a6",
          "name": "Quote",
          "enabled": true,
          "locked": false,
          "rotation": 0,
          "padding": "0.05, 0.03, 0.15, 0.04",
          "material_name": "Blank",
          "material_selection": 0,
          "material_tint": "#00000000",
          "anchor_min": "0.3231104, 0",
          "anchor_min_render": "0.3231103, 0.8846626",
          "anchor_max": "0.960411, 1",
          "anchor_max_render": "0.9604109, 0.9349693",
          "type": "text",
          "data": {
            "font_family": "BIOSfontII",
            "font_preferred_size": 12,
            "line_spacing": 1.0,
            "text_anchor": "middlecenter",
            "text": "This is a quote or a little bit of text",
            "color": "#FFFFFFFF",
            "outline_length": 1.0,
            "outline_color": "#FFFFFF00",
            "image_scaling": 1.0,
            "image_offset": "0, 0"
          },
          "sort_mode": "17",
          "split_mode": "vertical",
          "parent_panel_id": "58f2e8df-4a0b-41c6-bd3f-ea4ff071964a"
        },
        {
          "panel_id": "77cccc32-0506-426a-b232-5d52c0464b96",
          "name": "",
          "enabled": true,
          "locked": false,
          "rotation": 0,
          "padding": "0, 0, 0, 0",
          "material_name": "Blank",
          "material_selection": 0,
          "material_tint": "#00000000",
          "anchor_min": "0.960411, 0",
          "anchor_min_render": "0.960411, 0.8846626",
          "anchor_max": "1, 1",
          "anchor_max_render": "0.9999999, 0.9349693",
          "type": "none",
          "data": {},
          "sort_mode": "18",
          "split_mode": "vertical",
          "parent_panel_id": "58f2e8df-4a0b-41c6-bd3f-ea4ff071964a"
        },
        {
          "panel_id": "a889312b-67e4-40f1-8901-8c96a1c388bb",
          "name": "",
          "enabled": true,
          "locked": false,
          "rotation": 0,
          "padding": "0, 0, 0, 0",
          "material_name": "Blank",
          "material_selection": 0,
          "material_tint": "#00000000",
          "anchor_min": "0, 0.9349693",
          "anchor_min_render": "0, 0.9349692",
          "anchor_max": "1, 1",
          "anchor_max_render": "1, 0.9999999",
          "type": "none",
          "data": {},
          "sort_mode": "19",
          "split_mode": "horizontal",
          "parent_panel_id": "00000000-0000-0000-0000-000000000000"
        },
        {
          "panel_id": "a24f7823-fb38-476d-9cc7-96370d50ef4d",
          "name": "",
          "enabled": true,
          "locked": false,
          "rotation": 0,
          "padding": "0, 0, 0, 0",
          "material_name": "Blank",
          "material_selection": 0,
          "material_tint": "#00000000",
          "anchor_min": "0, 0",
          "anchor_min_render": "0, 0.9349692",
          "anchor_max": "0.3213926, 1",
          "anchor_max_render": "0.3213924, 0.9999999",
          "type": "none",
          "data": {},
          "sort_mode": "19",
          "split_mode": "vertical",
          "parent_panel_id": "a889312b-67e4-40f1-8901-8c96a1c388bb"
        },
        {
          "panel_id": "5fb195bd-b3c4-496e-acb5-79b26a7c5af8",
          "name": "Name",
          "enabled": true,
          "locked": false,
          "rotation": 0,
          "padding": "0.25, 0.03, 0.1, 0.03",
          "material_name": "Blank",
          "material_selection": 0,
          "material_tint": "#00000000",
          "anchor_min": "0.3213926, 0",
          "anchor_min_render": "0.3213925, 0.9349692",
          "anchor_max": "0.9672821, 1",
          "anchor_max_render": "0.9672819, 0.9999999",
          "type": "text",
          "data": {
            "font_family": "Rockboxcond12",
            "font_preferred_size": 20,
            "line_spacing": 1.0,
            "text_anchor": "middlecenter",
            "text": "Name Here yes yes it goes here and",
            "color": "#FFFFFFFF",
            "outline_length": 1.0,
            "outline_color": "#FFFFFF00",
            "image_scaling": 1.0,
            "image_offset": "0, 0"
          },
          "sort_mode": "20",
          "split_mode": "vertical",
          "parent_panel_id": "a889312b-67e4-40f1-8901-8c96a1c388bb"
        },
        {
          "panel_id": "0f0d3989-f9da-4645-8c38-da3fee5cc8bc",
          "name": "",
          "enabled": true,
          "locked": false,
          "rotation": 0,
          "padding": "0, 0, 0, 0",
          "material_name": "Blank",
          "material_selection": 0,
          "material_tint": "#00000000",
          "anchor_min": "0.9672821, 0",
          "anchor_min_render": "0.967282, 0.9349692",
          "anchor_max": "1, 1",
          "anchor_max_render": "0.9999999, 0.9999999",
          "type": "none",
          "data": {},
          "sort_mode": "21",
          "split_mode": "vertical",
          "parent_panel_id": "a889312b-67e4-40f1-8901-8c96a1c388bb"
        }
      ]
    }
  ],
  "back_layers": [
    {
      "layer_id": "b2dba00c-80fd-492c-b3d9-a4afa1747dad",
      "name": "Layer 01 Back",
      "padding": 2.638507E-05,
      "spacing": 0.025,
      "panels": [
        {
          "panel_id": "0bf1ce94-7a49-45cf-8539-99e101c91f90",
          "name": "",
          "enabled": true,
          "locked": false,
          "rotation": 0,
          "padding": "0, 0, 0, 0",
          "material_name": "Blank",
          "material_selection": 0,
          "material_tint": "#00000000",
          "anchor_min": "0, 0",
          "anchor_min_render": "0, 0",
          "anchor_max": "1, 1",
          "anchor_max_render": "1, 1",
          "type": "image",
          "data": {
            "uri": "%PROJECT%/Base Frames/Image_Base_Fill5.png",
            "mask_uri": "",
            "fit_mode": "fit",
            "zoom": 1.0,
            "offset": "0, 0",
            "tint": "#FFFFFFFF"
          },
          "sort_mode": "22",
          "split_mode": "none",
          "parent_panel_id": "00000000-0000-0000-0000-000000000000"
        }
      ]
    }
  ]
}