{
  "version": 2.12,
  "blueprint_id": "a92c52cb-656b-4a79-8f90-d0bcdefa3575",
  "name": "Heart_A",
  "layout_size": "63.5, 88.9",
  "layout_grid_size": "0.2183248, 0.2183248",
  "layout_grid_offset": "-0.01089681, -0.07495306",
  "layout_grid_square": true,
  "layout_grid_centered": false,
  "main_panel_id": "5c10a100-2163-46ac-9e67-d944e5f38c49",
  "front_layers": [
    {
      "layer_id": "ba1f29c9-f777-4d78-9bb4-7bb115b11353",
      "name": "Black Base",
      "padding": 0.0,
      "spacing": 0.0,
      "panels": [
        {
          "panel_id": "787ac1ca-215b-4f3c-9579-f85384dce2b8",
          "name": "",
          "enabled": true,
          "locked": true,
          "rotation": 0,
          "padding": "0, 0, 0, 0",
          "material_name": "Blank",
          "material_selection": 0,
          "material_tint": "#00000000",
          "anchor_min": "0, 0",
          "anchor_min_render": "0, 0",
          "anchor_max": "1, 1",
          "anchor_max_render": "1, 1",
          "type": "image",
          "data": {
            "uri": "%PROJECT%/Base Frames/Base.png",
            "mask_uri": "",
            "fit_mode": "fit",
            "zoom": 1.0,
            "offset": "0, 0",
            "tint": "#FF0000FF"
          },
          "sort_mode": "0",
          "split_mode": "none",
          "parent_panel_id": "00000000-0000-0000-0000-000000000000"
        }
      ]
    },
    {
      "layer_id": "dee5fded-3c50-459a-8dd2-294fb45bea6b",
      "name": "Image Layer",
      "padding": 0.0,
      "spacing": 0.0,
      "panels": [
        {
          "panel_id": "04deaead-99a4-45f0-b43d-dfba5ab77855",
          "name": "Image",
          "enabled": true,
          "locked": false,
          "rotation": 0,
          "padding": "0, 0, 0, 0",
          "material_name": "Blank",
          "material_selection": 0,
          "material_tint": "#00000000",
          "anchor_min": "0, 0",
          "anchor_min_render": "0, 0",
          "anchor_max": "1, 1",
          "anchor_max_render": "1, 1",
          "type": "image",
          "data": {
            "uri": "",
            "mask_uri": "",
            "fit_mode": "fit",
            "zoom": 1.0,
            "offset": "0, 0",
            "tint": "#FFFFFFFF"
          },
          "sort_mode": "1",
          "split_mode": "none",
          "parent_panel_id": "00000000-0000-0000-0000-000000000000"
        }
      ]
    },
    {
      "layer_id": "8706e6df-bf19-4a8a-ae01-3f4bd817be70",
      "name": "Card Frame",
      "padding": 0.0,
      "spacing": 0.0,
      "panels": [
        {
          "panel_id": "19fd93d5-bce9-46bb-ad99-b2e2f6b4cd79",
          "name": "",
          "enabled": true,
          "locked": true,
          "rotation": 0,
          "padding": "0, 0, 0, 0",
          "material_name": "Blank",
          "material_selection": 0,
          "material_tint": "#00000000",
          "anchor_min": "0, 0",
          "anchor_min_render": "0, 0",
          "anchor_max": "1, 1",
          "anchor_max_render": "1, 1",
          "type": "image",
          "data": {
            "uri": "%PROJECT%/Base Frames/Heart_A.png",
            "mask_uri": "",
            "fit_mode": "fit",
            "zoom": 1.0,
            "offset": "0, 0",
            "tint": "#FFFFFFFF"
          },
          "sort_mode": "2",
          "split_mode": "none",
          "parent_panel_id": "00000000-0000-0000-0000-000000000000"
        }
      ]
    },
    {
      "layer_id": "9919bd67-5996-4b5f-ac3b-b4e87df68128",
      "name": "Attack Grid",
      "padding": 0.0,
      "spacing": 0.0,
      "panels": [
        {
          "panel_id": "a9671871-670f-4fe0-8c33-949048b954c5",
          "name": "",
          "enabled": true,
          "locked": false,
          "rotation": 0,
          "padding": "0, 0, 0, 0",
          "material_name": "Blank",
          "material_selection": 0,
          "material_tint": "#00000000",
          "anchor_min": "0, 0",
          "anchor_min_render": "0, 0",
          "anchor_max": "1, 1",
          "anchor_max_render": "1, 1",
          "type": "image",
          "data": {
            "uri": "%PROJECT%/Base_Pixel_Cards_1_5th_size.png",
            "mask_uri": "",
            "fit_mode": "fit",
            "zoom": 1.0,
            "offset": "0, 0",
            "tint": "#FFFFFFFF"
          },
          "sort_mode": "3",
          "split_mode": "none",
          "parent_panel_id": "00000000-0000-0000-0000-000000000000"
        }
      ]
    },
    {
      "layer_id": "01b1380a-7ff1-4d18-8efb-53e9bd53eb29",
      "name": "Stats Layer",
      "padding": 0.0,
      "spacing": 0.0,
      "panels": [
        {
          "panel_id": "7766c451-5283-47b7-acde-adca5fe0e51a",
          "name": "",
          "enabled": true,
          "locked": false,
          "rotation": 0,
          "padding": "0, 0, 0, 0",
          "material_name": "Blank",
          "material_selection": 0,
          "material_tint": "#00000000",
          "anchor_min": "0, 0",
          "anchor_min_render": "0, -1.905276E-08",
          "anchor_max": "1, 0.002590674",
          "anchor_max_render": "1, 0.002590623",
          "type": "none",
          "data": {},
          "sort_mode": "4",
          "split_mode": "horizontal",
          "parent_panel_id": "00000000-0000-0000-0000-000000000000"
        },
        {
          "panel_id": "1499de75-c1f2-46ec-80af-103c2c2389af",
          "name": "",
          "enabled": true,
          "locked": false,
          "rotation": 0,
          "padding": "0, 0, 0, 0",
          "material_name": "Blank",
          "material_selection": 0,
          "material_tint": "#00000000",
          "anchor_min": "0, 0.002590674",
          "anchor_min_render": "0, 0.002590662",
          "anchor_max": "1, 0.2512953",
          "anchor_max_render": "1, 0.2512952",
          "type": "none",
          "data": {},
          "sort_mode": "5",
          "split_mode": "horizontal",
          "parent_panel_id": "00000000-0000-0000-0000-000000000000"
        },
        {
          "panel_id": "e6379634-373b-4ba9-b765-39d1db72ba01",
          "name": "",
          "enabled": true,
          "locked": false,
          "rotation": 0,
          "padding": "0, 0, 0, 0",
          "material_name": "Blank",
          "material_selection": 0,
          "material_tint": "#00000000",
          "anchor_min": "0, 0.2512953",
          "anchor_min_render": "0, 0.2512953",
          "anchor_max": "1, 1",
          "anchor_max_render": "1, 1",
          "type": "none",
          "data": {},
          "sort_mode": "5",
          "split_mode": "horizontal",
          "parent_panel_id": "00000000-0000-0000-0000-000000000000"
        },
        {
          "panel_id": "aec0ea17-8eed-4821-8601-84d84c5e22a1",
          "name": "",
          "enabled": true,
          "locked": false,
          "rotation": 0,
          "padding": "0, 0, 0, 0",
          "material_name": "Blank",
          "material_selection": 0,
          "material_tint": "#00000000",
          "anchor_min": "0, 0",
          "anchor_min_render": "0, 0.2512953",
          "anchor_max": "0.2799956, 1",
          "anchor_max_render": "0.2799956, 1",
          "type": "none",
          "data": {},
          "sort_mode": "5",
          "split_mode": "vertical",
          "parent_panel_id": "e6379634-373b-4ba9-b765-39d1db72ba01"
        },
        {
          "panel_id": "d23a5ec6-10bc-4924-9bce-a1230bbc5e6f",
          "name": "",
          "enabled": true,
          "locked": false,
          "rotation": 0,
          "padding": "0, 0, 0, 0",
          "material_name": "Blank",
          "material_selection": 0,
          "material_tint": "#00000000",
          "anchor_min": "0, 0",
          "anchor_min_render": "0, 0.2512953",
          "anchor_max": "1, 0.2064591",
          "anchor_max_render": "0.2799956, 0.4058722",
          "type": "none",
          "data": {},
          "sort_mode": "14",
          "split_mode": "horizontal",
          "parent_panel_id": "aec0ea17-8eed-4821-8601-84d84c5e22a1"
        },
        {
          "panel_id": "615d5a3a-cd54-46b8-9995-9dc550bb8034",
          "name": "",
          "enabled": true,
          "locked": false,
          "rotation": 0,
          "padding": "0, 0, 0, 0",
          "material_name": "Blank",
          "material_selection": 0,
          "material_tint": "#00000000",
          "anchor_min": "0, 0",
          "anchor_min_render": "0, 0.2512953",
          "anchor_max": "0.1858356, 1",
          "anchor_max_render": "0.05203314, 0.4058722",
          "type": "none",
          "data": {},
          "sort_mode": "6",
          "split_mode": "vertical",
          "parent_panel_id": "d23a5ec6-10bc-4924-9bce-a1230bbc5e6f"
        },
        {
          "panel_id": "98dfbb94-e0d7-4443-aa72-cb3bd4e23961",
          "name": "",
          "enabled": true,
          "locked": false,
          "rotation": 0,
          "padding": "0, 0, 0, 0",
          "material_name": "Blank",
          "material_selection": 0,
          "material_tint": "#00000000",
          "anchor_min": "0.1858356, 0",
          "anchor_min_render": "0.05203314, 0.2512953",
          "anchor_max": "1, 1",
          "anchor_max_render": "0.2799956, 0.4058722",
          "type": "text",
          "data": {
            "font_family": "BIOSfontII",
            "font_preferred_size": 48,
            "line_spacing": 1.0,
            "text_anchor": "middlecenter",
            "text": "99",
            "color": "#FFFFFFFF",
            "outline_length": 1.0,
            "outline_color": "#FFFFFF00",
            "image_scaling": 1.0,
            "image_offset": "0, 0"
          },
          "sort_mode": "7",
          "split_mode": "vertical",
          "parent_panel_id": "d23a5ec6-10bc-4924-9bce-a1230bbc5e6f"
        },
        {
          "panel_id": "eaf56e3e-cdd5-4b53-ae8f-cdf7e15b70a2",
          "name": "",
          "enabled": true,
          "locked": false,
          "rotation": 0,
          "padding": "0, 0, 0, 0",
          "material_name": "Blank",
          "material_selection": 0,
          "material_tint": "#00000000",
          "anchor_min": "0, 0.2064591",
          "anchor_min_render": "0, 0.4058723",
          "anchor_max": "1, 0.432526",
          "anchor_max_render": "0.2799956, 0.5751296",
          "type": "none",
          "data": {},
          "sort_mode": "8",
          "split_mode": "horizontal",
          "parent_panel_id": "aec0ea17-8eed-4821-8601-84d84c5e22a1"
        },
        {
          "panel_id": "2593281e-f9d0-4442-8b48-85a41ce3ae08",
          "name": "",
          "enabled": true,
          "locked": false,
          "rotation": 0,
          "padding": "0, 0, 0, 0",
          "material_name": "Blank",
          "material_selection": 0,
          "material_tint": "#00000000",
          "anchor_min": "0, 0.432526",
          "anchor_min_render": "0, 0.5751296",
          "anchor_max": "1, 0.6378316",
          "anchor_max_render": "0.2799956, 0.7288428",
          "type": "none",
          "data": {},
          "sort_mode": "11",
          "split_mode": "horizontal",
          "parent_panel_id": "aec0ea17-8eed-4821-8601-84d84c5e22a1"
        },
        {
          "panel_id": "955718e8-0beb-42f9-a903-b782d708359b",
          "name": "",
          "enabled": true,
          "locked": false,
          "rotation": 0,
          "padding": "0, 0, 0, 0",
          "material_name": "Blank",
          "material_selection": 0,
          "material_tint": "#00000000",
          "anchor_min": "0, 0",
          "anchor_min_render": "0, 0.5751296",
          "anchor_max": "0.181573, 1",
          "anchor_max_render": "0.05083965, 0.7288428",
          "type": "none",
          "data": {},
          "sort_mode": "10",
          "split_mode": "vertical",
          "parent_panel_id": "2593281e-f9d0-4442-8b48-85a41ce3ae08"
        },
        {
          "panel_id": "675eae38-7f77-4d61-b55c-b2597bf34e2d",
          "name": "",
          "enabled": true,
          "locked": false,
          "rotation": 0,
          "padding": "0, 0, 0, 0",
          "material_name": "Blank",
          "material_selection": 0,
          "material_tint": "#00000000",
          "anchor_min": "0.181573, 0",
          "anchor_min_render": "0.05083965, 0.5751296",
          "anchor_max": "1, 1",
          "anchor_max_render": "0.2799956, 0.7288428",
          "type": "text",
          "data": {
            "font_family": "BIOSfontII",
            "font_preferred_size": 48,
            "line_spacing": 1.0,
            "text_anchor": "middlecenter",
            "text": "99",
            "color": "#FFFFFFFF",
            "outline_length": 1.0,
            "outline_color": "#FFFFFF00",
            "image_scaling": 1.0,
            "image_offset": "0, 0"
          },
          "sort_mode": "11",
          "split_mode": "vertical",
          "parent_panel_id": "2593281e-f9d0-4442-8b48-85a41ce3ae08"
        },
        {
          "panel_id": "9188f1de-f180-4595-b986-8c7b9e4deb5d",
          "name": "",
          "enabled": true,
          "locked": false,
          "rotation": 0,
          "padding": "0, 0, 0, 0",
          "material_name": "Blank",
          "material_selection": 0,
          "material_tint": "#00000000",
          "anchor_min": "0, 0.6378316",
          "anchor_min_render": "0, 0.7288429",
          "anchor_max": "1, 0.7585034",
          "anchor_max_render": "0.2799956, 0.8191903",
          "type": "none",
          "data": {},
          "sort_mode": "9",
          "split_mode": "horizontal",
          "parent_panel_id": "aec0ea17-8eed-4821-8601-84d84c5e22a1"
        },
        {
          "panel_id": "9f68e1b1-7183-44ca-9dbd-7e21d569b45e",
          "name": "Pip Cost",
          "enabled": true,
          "locked": false,
          "rotation": 0,
          "padding": "0.15, 0.15, 0.15, 0.1",
          "material_name": "Blank",
          "material_selection": 0,
          "material_tint": "#00000000",
          "anchor_min": "0, 0.7585034",
          "anchor_min_render": "0, 0.8191903",
          "anchor_max": "1, 1",
          "anchor_max_render": "0.2799956, 1",
          "type": "text",
          "data": {
            "font_family": "BIOSfontII",
            "font_preferred_size": 36,
            "line_spacing": 1.0,
            "text_anchor": "middlecenter",
            "text": "10",
            "color": "#FFFFFFFF",
            "outline_length": 1.0,
            "outline_color": "#FFFFFF00",
            "image_scaling": 1.0,
            "image_offset": "0, 0"
          },
          "sort_mode": "12",
          "split_mode": "horizontal",
          "parent_panel_id": "aec0ea17-8eed-4821-8601-84d84c5e22a1"
        },
        {
          "panel_id": "28f6eefd-cc8a-4164-bcdb-6c44447f9378",
          "name": "",
          "enabled": true,
          "locked": false,
          "rotation": 0,
          "padding": "0, 0, 0, 0",
          "material_name": "Blank",
          "material_selection": 0,
          "material_tint": "#00000000",
          "anchor_min": "0.2799956, 0",
          "anchor_min_render": "0.2799956, 0.2512953",
          "anchor_max": "1, 1",
          "anchor_max_render": "1, 1",
          "type": "none",
          "data": {},
          "sort_mode": "13",
          "split_mode": "vertical",
          "parent_panel_id": "e6379634-373b-4ba9-b765-39d1db72ba01"
        }
      ]
    },
    {
      "layer_id": "bef03899-9f77-46c0-b854-45c1c87875d1",
      "name": "Text Layers",
      "padding": 0.0,
      "spacing": 0.0,
      "panels": [
        {
          "panel_id": "a7e3dcbe-3fa9-4bc7-80ee-514162bd1752",
          "name": "",
          "enabled": true,
          "locked": false,
          "rotation": 0,
          "padding": "0, 0, 0, 0",
          "material_name": "Blank",
          "material_selection": 0,
          "material_tint": "#00000000",
          "anchor_min": "0, 0",
          "anchor_min_render": "0, -1.905276E-08",
          "anchor_max": "1, 0.03862678",
          "anchor_max_render": "1, 0.03862674",
          "type": "none",
          "data": {},
          "sort_mode": "14",
          "split_mode": "horizontal",
          "parent_panel_id": "00000000-0000-0000-0000-000000000000"
        },
        {
          "panel_id": "65053ea6-121e-41ea-92c2-55e789f3c902",
          "name": "Effect",
          "enabled": true,
          "locked": false,
          "rotation": 0,
          "padding": "0.15, 0.11, 0.15, 0.11",
          "material_name": "Blank",
          "material_selection": 0,
          "material_tint": "#00000000",
          "anchor_min": "0, 0.03862678",
          "anchor_min_render": "0, 0.03862678",
          "anchor_max": "1, 0.2384095",
          "anchor_max_render": "1, 0.2384095",
          "type": "text",
          "data": {
            "font_family": "BIOSfontII",
            "font_preferred_size": 16,
            "line_spacing": 1.0,
            "text_anchor": "upperleft",
            "text": "This is a cards effect text. Each card is allowed up two effects that they can use, one Passive effect, that last while the card is on the field, and an active effect, which works by taking the effect action. ",
            "color": "#FFFFFFFF",
            "outline_length": 1.0,
            "outline_color": "#FFFFFF00",
            "image_scaling": 1.0,
            "image_offset": "0, 0"
          },
          "sort_mode": "15",
          "split_mode": "horizontal",
          "parent_panel_id": "00000000-0000-0000-0000-000000000000"
        },
        {
          "panel_id": "e571d9bd-be36-4b80-abf3-cab659f5feaa",
          "name": "",
          "enabled": true,
          "locked": false,
          "rotation": 0,
          "padding": "0, 0, 0, 0",
          "material_name": "Blank",
          "material_selection": 0,
          "material_tint": "#00000000",
          "anchor_min": "0, 0.2384095",
          "anchor_min_render": "0, 0.2384095",
          "anchor_max": "1, 0.8846626",
          "anchor_max_render": "1, 0.8846626",
          "type": "none",
          "data": {},
          "sort_mode": "16",
          "split_mode": "horizontal",
          "parent_panel_id": "00000000-0000-0000-0000-000000000000"
        },
        {
          "panel_id": "a7f86dba-709b-4180-90a4-98261b053a00",
          "name": "",
          "enabled": true,
          "locked": false,
          "rotation": 0,
          "padding": "0, 0, 0, 0",
          "material_name": "Blank",
          "material_selection": 0,
          "material_tint": "#00000000",
          "anchor_min": "0, 0",
          "anchor_min_render": "0, 0.2384095",
          "anchor_max": "0.9877631, 1",
          "anchor_max_render": "0.9877631, 0.8846626",
          "type": "none",
          "data": {},
          "sort_mode": "16",
          "split_mode": "vertical",
          "parent_panel_id": "e571d9bd-be36-4b80-abf3-cab659f5feaa"
        },
        {
          "panel_id": "63e84ad4-22c2-42f3-bc12-a0daed1a7d4e",
          "name": "",
          "enabled": true,
          "locked": false,
          "rotation": 0,
          "padding": "0, 0, 0, 0",
          "material_name": "Blank",
          "material_selection": 0,
          "material_tint": "#00000000",
          "anchor_min": "0.9877631, 0",
          "anchor_min_render": "0.9877631, 0.2384095",
          "anchor_max": "1, 1",
          "anchor_max_render": "1, 0.8846626",
          "type": "none",
          "data": {},
          "sort_mode": "17",
          "split_mode": "vertical",
          "parent_panel_id": "e571d9bd-be36-4b80-abf3-cab659f5feaa"
        },
        {
          "panel_id": "7b656506-56c5-41eb-a819-2abc686d408e",
          "name": "",
          "enabled": true,
          "locked": false,
          "rotation": 0,
          "padding": "0, 0, 0, 0",
          "material_name": "Blank",
          "material_selection": 0,
          "material_tint": "#00000000",
          "anchor_min": "0, 0.8846626",
          "anchor_min_render": "0, 0.8846627",
          "anchor_max": "1, 0.9349693",
          "anchor_max_render": "1, 0.9349693",
          "type": "none",
          "data": {},
          "sort_mode": "24",
          "split_mode": "horizontal",
          "parent_panel_id": "00000000-0000-0000-0000-000000000000"
        },
        {
          "panel_id": "490019d4-7824-4708-99d8-fdb5781b76b4",
          "name": "",
          "enabled": true,
          "locked": false,
          "rotation": 0,
          "padding": "0, 0, 0, 0",
          "material_name": "Blank",
          "material_selection": 0,
          "material_tint": "#00000000",
          "anchor_min": "0, 0",
          "anchor_min_render": "0, 0.8846627",
          "anchor_max": "0.3231104, 1",
          "anchor_max_render": "0.3231104, 0.9349693",
          "type": "none",
          "data": {},
          "sort_mode": "18",
          "split_mode": "vertical",
          "parent_panel_id": "7b656506-56c5-41eb-a819-2abc686d408e"
        },
        {
          "panel_id": "607c40d1-ebe8-4ebf-8566-e8b89de715f4",
          "name": "Quote",
          "enabled": true,
          "locked": false,
          "rotation": 0,
          "padding": "0.05, 0.02, 0.15, 0.04",
          "material_name": "Blank",
          "material_selection": 0,
          "material_tint": "#00000000",
          "anchor_min": "0.3231104, 0",
          "anchor_min_render": "0.3231105, 0.8846627",
          "anchor_max": "0.960411, 1",
          "anchor_max_render": "0.9604111, 0.9349693",
          "type": "text",
          "data": {
            "font_family": "BIOSfontII",
            "font_preferred_size": 12,
            "line_spacing": 1.0,
            "text_anchor": "middlecenter",
            "text": "This is a quote or a little bit of text",
            "color": "#FFFFFFFF",
            "outline_length": 1.0,
            "outline_color": "#FFFFFF00",
            "image_scaling": 1.0,
            "image_offset": "0, 0"
          },
          "sort_mode": "19",
          "split_mode": "vertical",
          "parent_panel_id": "7b656506-56c5-41eb-a819-2abc686d408e"
        },
        {
          "panel_id": "8b64d31d-ebbc-4cd6-9712-64967aeae90b",
          "name": "",
          "enabled": true,
          "locked": false,
          "rotation": 0,
          "padding": "0, 0, 0, 0",
          "material_name": "Blank",
          "material_selection": 0,
          "material_tint": "#00000000",
          "anchor_min": "0.960411, 0",
          "anchor_min_render": "0.9604108, 0.8846627",
          "anchor_max": "1, 1",
          "anchor_max_render": "0.9999999, 0.9349693",
          "type": "none",
          "data": {},
          "sort_mode": "20",
          "split_mode": "vertical",
          "parent_panel_id": "7b656506-56c5-41eb-a819-2abc686d408e"
        },
        {
          "panel_id": "0f74659d-bd5b-4726-bf73-b55496bed353",
          "name": "",
          "enabled": true,
          "locked": false,
          "rotation": 0,
          "padding": "0, 0, 0, 0",
          "material_name": "Blank",
          "material_selection": 0,
          "material_tint": "#00000000",
          "anchor_min": "0, 0.9349693",
          "anchor_min_render": "0, 0.9349693",
          "anchor_max": "1, 1",
          "anchor_max_render": "1, 1",
          "type": "none",
          "data": {},
          "sort_mode": "19",
          "split_mode": "horizontal",
          "parent_panel_id": "00000000-0000-0000-0000-000000000000"
        },
        {
          "panel_id": "a07ea037-371a-440d-b914-b1df8d9c38b1",
          "name": "",
          "enabled": true,
          "locked": false,
          "rotation": 0,
          "padding": "0, 0, 0, 0",
          "material_name": "Blank",
          "material_selection": 0,
          "material_tint": "#00000000",
          "anchor_min": "0, 0",
          "anchor_min_render": "0, 0.9349693",
          "anchor_max": "0.3213926, 1",
          "anchor_max_render": "0.3213926, 1",
          "type": "none",
          "data": {},
          "sort_mode": "21",
          "split_mode": "vertical",
          "parent_panel_id": "0f74659d-bd5b-4726-bf73-b55496bed353"
        },
        {
          "panel_id": "f7a004a9-b5cd-4342-b8e8-5c28241a29d2",
          "name": "Name",
          "enabled": true,
          "locked": false,
          "rotation": 0,
          "padding": "0.25, 0.03, 0.1, 0.03",
          "material_name": "Blank",
          "material_selection": 0,
          "material_tint": "#00000000",
          "anchor_min": "0.3213926, 0",
          "anchor_min_render": "0.3213926, 0.9349693",
          "anchor_max": "0.9672821, 1",
          "anchor_max_render": "0.9672821, 1",
          "type": "text",
          "data": {
            "font_family": "Rockboxcond12",
            "font_preferred_size": 20,
            "line_spacing": 1.0,
            "text_anchor": "middleleft",
            "text": "Name Here yes yes it goes here and",
            "color": "#FFFFFFFF",
            "outline_length": 1.0,
            "outline_color": "#FFFFFF00",
            "image_scaling": 1.0,
            "image_offset": "0, 0"
          },
          "sort_mode": "22",
          "split_mode": "vertical",
          "parent_panel_id": "0f74659d-bd5b-4726-bf73-b55496bed353"
        },
        {
          "panel_id": "fd2e497c-fd7e-47c6-ad1e-ef41bbd3e9aa",
          "name": "",
          "enabled": true,
          "locked": false,
          "rotation": 0,
          "padding": "0, 0, 0, 0",
          "material_name": "Blank",
          "material_selection": 0,
          "material_tint": "#00000000",
          "anchor_min": "0.9672821, 0",
          "anchor_min_render": "0.9672821, 0.9349693",
          "anchor_max": "1, 1",
          "anchor_max_render": "0.9999999, 1",
          "type": "none",
          "data": {},
          "sort_mode": "23",
          "split_mode": "vertical",
          "parent_panel_id": "0f74659d-bd5b-4726-bf73-b55496bed353"
        }
      ]
    }
  ],
  "back_layers": [
    {
      "layer_id": "f713d9fa-49a9-45a1-aaab-52b02b581d9f",
      "name": "Layer 01 Back",
      "padding": 2.638507E-05,
      "spacing": 0.025,
      "panels": [
        {
          "panel_id": "b4a65e3c-9d3c-49e8-82a3-a9b86c7b213e",
          "name": "",
          "enabled": true,
          "locked": false,
          "rotation": 0,
          "padding": "0, 0, 0, 0",
          "material_name": "Blank",
          "material_selection": 0,
          "material_tint": "#00000000",
          "anchor_min": "0, 0",
          "anchor_min_render": "0, 0",
          "anchor_max": "1, 1",
          "anchor_max_render": "1, 1",
          "type": "image",
          "data": {
            "uri": "%PROJECT%/Base Frames/Image_Base_Fill5.png",
            "mask_uri": "",
            "fit_mode": "fit",
            "zoom": 1.0,
            "offset": "0, 0",
            "tint": "#FFFFFFFF"
          },
          "sort_mode": "24",
          "split_mode": "none",
          "parent_panel_id": "00000000-0000-0000-0000-000000000000"
        }
      ]
    }
  ]
}