{
  "version": 2.12,
  "blueprint_id": "ca833731-f60b-466e-9649-a4535f80caf6",
  "name": "Yellow-Basic",
  "layout_size": "63.5, 88.9",
  "layout_grid_size": "0.232, 0.232",
  "layout_grid_offset": "0, 0",
  "layout_grid_square": false,
  "layout_grid_centered": false,
  "main_panel_id": "00000000-0000-0000-0000-000000000000",
  "front_layers": [
    {
      "layer_id": "9c84b36c-c01d-4ce2-a245-ca82871ad9be",
      "name": "Black Base",
      "padding": 0.0,
      "spacing": 0.0,
      "panels": [
        {
          "panel_id": "933b3a89-4da3-4bef-a003-821938038fae",
          "name": "",
          "enabled": true,
          "locked": true,
          "rotation": 0,
          "padding": "0, 0, 0, 0",
          "material_name": "Blank",
          "material_selection": 0,
          "material_tint": "#00000000",
          "anchor_min": "0, 0",
          "anchor_min_render": "0, 0",
          "anchor_max": "1, 1",
          "anchor_max_render": "1, 1",
          "type": "image",
          "data": {
            "uri": "%PROJECT%/Base Frames/Base.png",
            "mask_uri": "",
            "fit_mode": "fit",
            "zoom": 1.0,
            "offset": "0, 0",
            "tint": "#FF0000FF"
          },
          "sort_mode": "0",
          "split_mode": "none",
          "parent_panel_id": "00000000-0000-0000-0000-000000000000"
        }
      ]
    },
    {
      "layer_id": "f447c319-d400-42be-9225-fc651db06342",
      "name": "Image Layer",
      "padding": 0.0,
      "spacing": 0.0,
      "panels": [
        {
          "panel_id": "69a5c01f-c67c-4004-b921-cea244a2c91a",
          "name": "Image",
          "enabled": true,
          "locked": false,
          "rotation": 0,
          "padding": "0, 0, 0, 0",
          "material_name": "Blank",
          "material_selection": 0,
          "material_tint": "#00000000",
          "anchor_min": "0, 0",
          "anchor_min_render": "0, 0",
          "anchor_max": "1, 1",
          "anchor_max_render": "1, 1",
          "type": "image",
          "data": {
            "uri": "",
            "mask_uri": "",
            "fit_mode": "fit",
            "zoom": 1.0,
            "offset": "0, 0",
            "tint": "#FFFFFFFF"
          },
          "sort_mode": "1",
          "split_mode": "none",
          "parent_panel_id": "00000000-0000-0000-0000-000000000000"
        }
      ]
    },
    {
      "layer_id": "ba77ca67-6e7c-4061-a8bc-6c3e4b827d59",
      "name": "Card Frame",
      "padding": 0.0,
      "spacing": 0.0,
      "panels": [
        {
          "panel_id": "83a22c1c-8fe6-420a-9f54-83a5d691012c",
          "name": "",
          "enabled": true,
          "locked": true,
          "rotation": 0,
          "padding": "0, 0, 0, 0",
          "material_name": "Blank",
          "material_selection": 0,
          "material_tint": "#00000000",
          "anchor_min": "0, 0",
          "anchor_min_render": "0, 0",
          "anchor_max": "1, 1",
          "anchor_max_render": "1, 1",
          "type": "image",
          "data": {
            "uri": "%PROJECT%/Base Frames/FrameY.png",
            "mask_uri": "",
            "fit_mode": "fit",
            "zoom": 1.0,
            "offset": "0, 0",
            "tint": "#FFFFFFFF"
          },
          "sort_mode": "2",
          "split_mode": "none",
          "parent_panel_id": "00000000-0000-0000-0000-000000000000"
        }
      ]
    },
    {
      "layer_id": "fdded1c8-143a-4fe4-88b7-179b2cb12c55",
      "name": "Grid Layer",
      "padding": 0.0,
      "spacing": 0.0,
      "panels": [
        {
          "panel_id": "34e4b10f-7d76-46b4-b3b6-87c9e7af785d",
          "name": "Grid",
          "enabled": true,
          "locked": false,
          "rotation": 0,
          "padding": "0, 0, 0, 0",
          "material_name": "Blank",
          "material_selection": 0,
          "material_tint": "#00000000",
          "anchor_min": "0, 0",
          "anchor_min_render": "0, 0",
          "anchor_max": "1, 1",
          "anchor_max_render": "1, 1",
          "type": "image",
          "data": {
            "uri": "%PROJECT%/Attack_Grids/Attack Grid Base.png",
            "mask_uri": "",
            "fit_mode": "fit",
            "zoom": 1.0,
            "offset": "0, 0",
            "tint": "#FFFFFFFF"
          },
          "sort_mode": "3",
          "split_mode": "none",
          "parent_panel_id": "00000000-0000-0000-0000-000000000000"
        }
      ]
    },
    {
      "layer_id": "7f1e13f8-b7cc-4e37-9333-e2a566c9e313",
      "name": "Stats Layer",
      "padding": 0.0,
      "spacing": 0.0,
      "panels": [
        {
          "panel_id": "a8498d4e-89dc-4ffc-8b53-a3b6f5cecbee",
          "name": "",
          "enabled": true,
          "locked": false,
          "rotation": 0,
          "padding": "0, 0, 0, 0",
          "material_name": "Blank",
          "material_selection": 0,
          "material_tint": "#00000000",
          "anchor_min": "0, 0",
          "anchor_min_render": "0, 0",
          "anchor_max": "1, 0.2220859",
          "anchor_max_render": "1, 0.2220859",
          "type": "none",
          "data": {},
          "sort_mode": "4",
          "split_mode": "horizontal",
          "parent_panel_id": "00000000-0000-0000-0000-000000000000"
        },
        {
          "panel_id": "195457f9-4f1c-405d-8f0a-d5ebdc298062",
          "name": "",
          "enabled": true,
          "locked": false,
          "rotation": 0,
          "padding": "0, 0, 0, 0",
          "material_name": "Blank",
          "material_selection": 0,
          "material_tint": "#00000000",
          "anchor_min": "0, 0.2220859",
          "anchor_min_render": "0, 0.2220859",
          "anchor_max": "1, 0.395092",
          "anchor_max_render": "1, 0.395092",
          "type": "none",
          "data": {},
          "sort_mode": "7",
          "split_mode": "horizontal",
          "parent_panel_id": "00000000-0000-0000-0000-000000000000"
        },
        {
          "panel_id": "5b8db39d-dd0d-4cf5-a3d9-4f5b34640cd3",
          "name": "",
          "enabled": true,
          "locked": false,
          "rotation": 0,
          "padding": "0, 0, 0, 0",
          "material_name": "Blank",
          "material_selection": 0,
          "material_tint": "#00000000",
          "anchor_min": "0, 0",
          "anchor_min_render": "1.048457E-07, 0.2220859",
          "anchor_max": "0.1650735, 1",
          "anchor_max_render": "0.1650737, 0.395092",
          "type": "none",
          "data": {},
          "sort_mode": "5",
          "split_mode": "vertical",
          "parent_panel_id": "195457f9-4f1c-405d-8f0a-d5ebdc298062"
        },
        {
          "panel_id": "5c607677-1dd7-4b45-9d45-2ee2fcebd36f",
          "name": "Attack",
          "enabled": true,
          "locked": false,
          "rotation": 0,
          "padding": "0.1, 0.08, 0.1, 0.08",
          "material_name": "Blank",
          "material_selection": 0,
          "material_tint": "#00000000",
          "anchor_min": "0.1650735, 0",
          "anchor_min_render": "0.1650735, 0.2220859",
          "anchor_max": "0.3866687, 1",
          "anchor_max_render": "0.3866688, 0.395092",
          "type": "text",
          "data": {
            "font_family": "BIOSfontII",
            "font_preferred_size": 48,
            "line_spacing": 1.0,
            "text_anchor": "middlecenter",
            "text": "99",
            "color": "#FFFFFFFF",
            "outline_length": 1.0,
            "outline_color": "#FFFFFF00",
            "image_scaling": 1.0,
            "image_offset": "0, 0"
          },
          "sort_mode": "6",
          "split_mode": "vertical",
          "parent_panel_id": "195457f9-4f1c-405d-8f0a-d5ebdc298062"
        },
        {
          "panel_id": "366916bd-521c-44d1-a032-097e1ad0d990",
          "name": "",
          "enabled": true,
          "locked": false,
          "rotation": 0,
          "padding": "0, 0, 0, 0",
          "material_name": "Blank",
          "material_selection": 0,
          "material_tint": "#00000000",
          "anchor_min": "0.3866687, 0",
          "anchor_min_render": "0.3866687, 0.2220859",
          "anchor_max": "0.6134171, 1",
          "anchor_max_render": "0.6134173, 0.395092",
          "type": "none",
          "data": {},
          "sort_mode": "7",
          "split_mode": "vertical",
          "parent_panel_id": "195457f9-4f1c-405d-8f0a-d5ebdc298062"
        },
        {
          "panel_id": "37ad3a2a-80a9-4d33-b5a7-38f735abee6c",
          "name": "Defense",
          "enabled": true,
          "locked": false,
          "rotation": 0,
          "padding": "0.1, 0.08, 0.1, 0.08",
          "material_name": "Blank",
          "material_selection": 0,
          "material_tint": "#00000000",
          "anchor_min": "0.6134171, 0",
          "anchor_min_render": "0.6134171, 0.2220859",
          "anchor_max": "0.8384477, 1",
          "anchor_max_render": "0.8384479, 0.395092",
          "type": "text",
          "data": {
            "font_family": "BIOSfontII",
            "font_preferred_size": 48,
            "line_spacing": 1.0,
            "text_anchor": "middlecenter",
            "text": "99",
            "color": "#FFFFFFFF",
            "outline_length": 1.0,
            "outline_color": "#FFFFFF00",
            "image_scaling": 1.0,
            "image_offset": "0, 0"
          },
          "sort_mode": "8",
          "split_mode": "vertical",
          "parent_panel_id": "195457f9-4f1c-405d-8f0a-d5ebdc298062"
        },
        {
          "panel_id": "482082d7-76e7-4a6b-9176-17d9c9335c28",
          "name": "",
          "enabled": true,
          "locked": false,
          "rotation": 0,
          "padding": "0, 0, 0, 0",
          "material_name": "Blank",
          "material_selection": 0,
          "material_tint": "#00000000",
          "anchor_min": "0.8384477, 0",
          "anchor_min_render": "0.8384476, 0.2220859",
          "anchor_max": "1, 1",
          "anchor_max_render": "1, 0.395092",
          "type": "none",
          "data": {},
          "sort_mode": "9",
          "split_mode": "vertical",
          "parent_panel_id": "195457f9-4f1c-405d-8f0a-d5ebdc298062"
        },
        {
          "panel_id": "3a3c3ac6-8081-49b4-8b96-d5516c85562a",
          "name": "",
          "enabled": true,
          "locked": false,
          "rotation": 0,
          "padding": "0, 0, 0, 0",
          "material_name": "Blank",
          "material_selection": 0,
          "material_tint": "#00000000",
          "anchor_min": "0, 0.395092",
          "anchor_min_render": "0, 0.395092",
          "anchor_max": "1, 1",
          "anchor_max_render": "1, 1",
          "type": "none",
          "data": {},
          "sort_mode": "5",
          "split_mode": "horizontal",
          "parent_panel_id": "00000000-0000-0000-0000-000000000000"
        },
        {
          "panel_id": "ae8df071-63b4-4440-97ba-dd16ede87096",
          "name": "",
          "enabled": true,
          "locked": false,
          "rotation": 0,
          "padding": "0, 0, 0, 0",
          "material_name": "Blank",
          "material_selection": 0,
          "material_tint": "#00000000",
          "anchor_min": "0, 0",
          "anchor_min_render": "0, 0.395092",
          "anchor_max": "0.2578343, 1",
          "anchor_max_render": "0.2578343, 1",
          "type": "none",
          "data": {},
          "sort_mode": "5",
          "split_mode": "vertical",
          "parent_panel_id": "3a3c3ac6-8081-49b4-8b96-d5516c85562a"
        },
        {
          "panel_id": "76be68ee-a628-4988-a45d-2dbce4f3c55a",
          "name": "",
          "enabled": true,
          "locked": false,
          "rotation": 0,
          "padding": "0, 0, 0, 0",
          "material_name": "Blank",
          "material_selection": 0,
          "material_tint": "#00000000",
          "anchor_min": "0, 0",
          "anchor_min_render": "0, 0.395092",
          "anchor_max": "1, 0.693712",
          "anchor_max_render": "0.2578343, 0.8147239",
          "type": "none",
          "data": {},
          "sort_mode": "10",
          "split_mode": "horizontal",
          "parent_panel_id": "ae8df071-63b4-4440-97ba-dd16ede87096"
        },
        {
          "panel_id": "709728bc-2126-489c-be71-56e1063fbe86",
          "name": "Pip Cost",
          "enabled": true,
          "locked": false,
          "rotation": 0,
          "padding": "0.15, 0.05, 0.15, 0.1",
          "material_name": "Blank",
          "material_selection": 0,
          "material_tint": "#00000000",
          "anchor_min": "0, 0.693712",
          "anchor_min_render": "0, 0.8147239",
          "anchor_max": "1, 1",
          "anchor_max_render": "0.2578343, 1",
          "type": "text",
          "data": {
            "font_family": "BIOSfontII",
            "font_preferred_size": 36,
            "line_spacing": 1.0,
            "text_anchor": "middlecenter",
            "text": "0",
            "color": "#FFFFFFFF",
            "outline_length": 1.0,
            "outline_color": "#FFFFFF00",
            "image_scaling": 1.0,
            "image_offset": "0, 0"
          },
          "sort_mode": "11",
          "split_mode": "horizontal",
          "parent_panel_id": "ae8df071-63b4-4440-97ba-dd16ede87096"
        },
        {
          "panel_id": "56669b66-d434-4c0e-9901-2a678bf46a5f",
          "name": "",
          "enabled": true,
          "locked": false,
          "rotation": 0,
          "padding": "0, 0, 0, 0",
          "material_name": "Blank",
          "material_selection": 0,
          "material_tint": "#00000000",
          "anchor_min": "0.2578343, 0",
          "anchor_min_render": "0.2578343, 0.395092",
          "anchor_max": "1, 1",
          "anchor_max_render": "1, 1",
          "type": "none",
          "data": {},
          "sort_mode": "12",
          "split_mode": "vertical",
          "parent_panel_id": "3a3c3ac6-8081-49b4-8b96-d5516c85562a"
        }
      ]
    },
    {
      "layer_id": "c6ce528a-12b6-451a-b922-8db4856bf7da",
      "name": "Text Layers",
      "padding": 0.0,
      "spacing": 0.0,
      "panels": [
        {
          "panel_id": "88e9805e-b63d-4813-815b-a3579daf545c",
          "name": "",
          "enabled": true,
          "locked": false,
          "rotation": 0,
          "padding": "0, 0, 0, 0",
          "material_name": "Blank",
          "material_selection": 0,
          "material_tint": "#00000000",
          "anchor_min": "0, 0",
          "anchor_min_render": "0, 0",
          "anchor_max": "1, 0.02699387",
          "anchor_max_render": "1, 0.02699387",
          "type": "none",
          "data": {},
          "sort_mode": "13",
          "split_mode": "horizontal",
          "parent_panel_id": "00000000-0000-0000-0000-000000000000"
        },
        {
          "panel_id": "f80d12b7-29ba-4d44-a76e-39ec14e4bc90",
          "name": "Effect",
          "enabled": true,
          "locked": false,
          "rotation": 0,
          "padding": "0.15, 0.11, 0.2, 0.11",
          "material_name": "Blank",
          "material_selection": 0,
          "material_tint": "#00000000",
          "anchor_min": "0, 0.02699387",
          "anchor_min_render": "0, 0.02699387",
          "anchor_max": "1, 0.2196319",
          "anchor_max_render": "1, 0.2196319",
          "type": "text",
          "data": {
            "font_family": "BIOSfontII",
            "font_preferred_size": 12,
            "line_spacing": 1.0,
            "text_anchor": "upperleft",
            "text": "This is a cards effect text. Each card is allowed up two effects that they can use, one Passive effect, that last while the card is on the field, and an active effect, which works by taking the effect action. ",
            "color": "#FFFFFFFF",
            "outline_length": 1.0,
            "outline_color": "#FFFFFF00",
            "image_scaling": 1.0,
            "image_offset": "0, 0"
          },
          "sort_mode": "14",
          "split_mode": "horizontal",
          "parent_panel_id": "00000000-0000-0000-0000-000000000000"
        },
        {
          "panel_id": "a408a5de-b6d6-41da-b567-ce4c5593b31d",
          "name": "",
          "enabled": true,
          "locked": false,
          "rotation": 0,
          "padding": "0, 0, 0, 0",
          "material_name": "Blank",
          "material_selection": 0,
          "material_tint": "#00000000",
          "anchor_min": "0, 0.2196319",
          "anchor_min_render": "0, 0.2196319",
          "anchor_max": "1, 0.8846626",
          "anchor_max_render": "1, 0.8846626",
          "type": "none",
          "data": {},
          "sort_mode": "15",
          "split_mode": "horizontal",
          "parent_panel_id": "00000000-0000-0000-0000-000000000000"
        },
        {
          "panel_id": "64014bc5-d7e0-49e4-aa40-8ddb002761c4",
          "name": "",
          "enabled": true,
          "locked": false,
          "rotation": 0,
          "padding": "0, 0, 0, 0",
          "material_name": "Blank",
          "material_selection": 0,
          "material_tint": "#00000000",
          "anchor_min": "0, 0.8846626",
          "anchor_min_render": "0, 0.8846626",
          "anchor_max": "1, 0.9349693",
          "anchor_max_render": "1, 0.9349692",
          "type": "none",
          "data": {},
          "sort_mode": "24",
          "split_mode": "horizontal",
          "parent_panel_id": "00000000-0000-0000-0000-000000000000"
        },
        {
          "panel_id": "f3234398-5875-4b27-9f96-21110782e94f",
          "name": "",
          "enabled": true,
          "locked": false,
          "rotation": 0,
          "padding": "0, 0, 0, 0",
          "material_name": "Blank",
          "material_selection": 0,
          "material_tint": "#00000000",
          "anchor_min": "0, 0",
          "anchor_min_render": "0, 0.8846626",
          "anchor_max": "0.3231104, 1",
          "anchor_max_render": "0.3231105, 0.9349692",
          "type": "none",
          "data": {},
          "sort_mode": "16",
          "split_mode": "vertical",
          "parent_panel_id": "64014bc5-d7e0-49e4-aa40-8ddb002761c4"
        },
        {
          "panel_id": "59a6c3c4-3291-4efe-a1b4-c289a15478f8",
          "name": "Quote",
          "enabled": true,
          "locked": false,
          "rotation": 0,
          "padding": "0.05, 0.03, 0.15, 0.04",
          "material_name": "Blank",
          "material_selection": 0,
          "material_tint": "#00000000",
          "anchor_min": "0.3231104, 0",
          "anchor_min_render": "0.3231104, 0.8846626",
          "anchor_max": "0.960411, 1",
          "anchor_max_render": "0.9604111, 0.9349692",
          "type": "text",
          "data": {
            "font_family": "BIOSfontII",
            "font_preferred_size": 12,
            "line_spacing": 1.0,
            "text_anchor": "middlecenter",
            "text": "This is a quote or a little bit of flavor text!",
            "color": "#FFFFFFFF",
            "outline_length": 1.0,
            "outline_color": "#FFFFFF00",
            "image_scaling": 1.0,
            "image_offset": "0, 0"
          },
          "sort_mode": "17",
          "split_mode": "vertical",
          "parent_panel_id": "64014bc5-d7e0-49e4-aa40-8ddb002761c4"
        },
        {
          "panel_id": "26b6cca6-896e-4ce9-b18d-d07ed0918fbb",
          "name": "",
          "enabled": true,
          "locked": false,
          "rotation": 0,
          "padding": "0, 0, 0, 0",
          "material_name": "Blank",
          "material_selection": 0,
          "material_tint": "#00000000",
          "anchor_min": "0.960411, 0",
          "anchor_min_render": "0.960411, 0.8846626",
          "anchor_max": "1, 1",
          "anchor_max_render": "1, 0.9349692",
          "type": "none",
          "data": {},
          "sort_mode": "18",
          "split_mode": "vertical",
          "parent_panel_id": "64014bc5-d7e0-49e4-aa40-8ddb002761c4"
        },
        {
          "panel_id": "3d2c8001-dcb0-45bb-9076-a7f013f38070",
          "name": "",
          "enabled": true,
          "locked": false,
          "rotation": 0,
          "padding": "0, 0, 0, 0",
          "material_name": "Blank",
          "material_selection": 0,
          "material_tint": "#00000000",
          "anchor_min": "0, 0.9349693",
          "anchor_min_render": "0, 0.9349693",
          "anchor_max": "1, 1",
          "anchor_max_render": "1, 1",
          "type": "none",
          "data": {},
          "sort_mode": "19",
          "split_mode": "horizontal",
          "parent_panel_id": "00000000-0000-0000-0000-000000000000"
        },
        {
          "panel_id": "d93957e8-a20b-47b5-9c56-ba9db731fad2",
          "name": "",
          "enabled": true,
          "locked": false,
          "rotation": 0,
          "padding": "0, 0, 0, 0",
          "material_name": "Blank",
          "material_selection": 0,
          "material_tint": "#00000000",
          "anchor_min": "0, 0",
          "anchor_min_render": "0, 0.9349693",
          "anchor_max": "0.3213926, 1",
          "anchor_max_render": "0.3213927, 1",
          "type": "none",
          "data": {},
          "sort_mode": "19",
          "split_mode": "vertical",
          "parent_panel_id": "3d2c8001-dcb0-45bb-9076-a7f013f38070"
        },
        {
          "panel_id": "607ec5f1-e1b8-4911-ba2b-4187fb2c0467",
          "name": "Name",
          "enabled": true,
          "locked": false,
          "rotation": 0,
          "padding": "0.25, 0.03, 0.1, 0.03",
          "material_name": "Blank",
          "material_selection": 0,
          "material_tint": "#00000000",
          "anchor_min": "0.3213926, 0",
          "anchor_min_render": "0.3213926, 0.9349693",
          "anchor_max": "0.9672821, 1",
          "anchor_max_render": "0.9672823, 1",
          "type": "text",
          "data": {
            "font_family": "Rockboxcond12",
            "font_preferred_size": 20,
            "line_spacing": 1.0,
            "text_anchor": "middlecenter",
            "text": "This is a test of a cards longest possible name.",
            "color": "#FFFFFFFF",
            "outline_length": 1.0,
            "outline_color": "#FFFFFF00",
            "image_scaling": 1.0,
            "image_offset": "0, 0"
          },
          "sort_mode": "20",
          "split_mode": "vertical",
          "parent_panel_id": "3d2c8001-dcb0-45bb-9076-a7f013f38070"
        },
        {
          "panel_id": "d3f90e34-a78b-4892-948a-fa7507876c23",
          "name": "",
          "enabled": true,
          "locked": false,
          "rotation": 0,
          "padding": "0, 0, 0, 0",
          "material_name": "Blank",
          "material_selection": 0,
          "material_tint": "#00000000",
          "anchor_min": "0.9672821, 0",
          "anchor_min_render": "0.9672822, 0.9349693",
          "anchor_max": "1, 1",
          "anchor_max_render": "1, 1",
          "type": "none",
          "data": {},
          "sort_mode": "21",
          "split_mode": "vertical",
          "parent_panel_id": "3d2c8001-dcb0-45bb-9076-a7f013f38070"
        }
      ]
    }
  ],
  "back_layers": [
    {
      "layer_id": "f1c3a07e-6932-4d2a-b07e-a2002cf5a7d8",
      "name": "Layer 01 Back",
      "padding": 2.638507E-05,
      "spacing": 0.025,
      "panels": [
        {
          "panel_id": "83cffa26-11ab-4afc-a41a-977a46c7c123",
          "name": "",
          "enabled": true,
          "locked": false,
          "rotation": 0,
          "padding": "0, 0, 0, 0",
          "material_name": "Blank",
          "material_selection": 0,
          "material_tint": "#00000000",
          "anchor_min": "0, 0",
          "anchor_min_render": "0, 0",
          "anchor_max": "1, 1",
          "anchor_max_render": "1, 1",
          "type": "image",
          "data": {
            "uri": "%PROJECT%/Base Frames/Image_Base_Fill5.png",
            "mask_uri": "",
            "fit_mode": "fit",
            "zoom": 1.0,
            "offset": "0, 0",
            "tint": "#FFFFFFFF"
          },
          "sort_mode": "22",
          "split_mode": "none",
          "parent_panel_id": "00000000-0000-0000-0000-000000000000"
        }
      ]
    }
  ]
}