{
  "version": 2.12,
  "blueprint_id": "34f7520b-1bb8-402b-b56c-93692be2e5a5",
  "name": "Club_A",
  "layout_size": "63.5, 88.9",
  "layout_grid_size": "0.2183248, 0.2183248",
  "layout_grid_offset": "0, 0",
  "layout_grid_square": false,
  "layout_grid_centered": false,
  "main_panel_id": "00000000-0000-0000-0000-000000000000",
  "front_layers": [
    {
      "layer_id": "1670b0b2-8b32-46a7-a6a5-3492ce2387e9",
      "name": "Black Base",
      "padding": 0.0,
      "spacing": 0.0,
      "panels": [
        {
          "panel_id": "fd6f4ce2-3b23-49aa-bf04-629dda641a5a",
          "name": "",
          "enabled": true,
          "locked": true,
          "rotation": 0,
          "padding": "0, 0, 0, 0",
          "material_name": "Blank",
          "material_selection": 0,
          "material_tint": "#00000000",
          "anchor_min": "0, 0",
          "anchor_min_render": "0, 0",
          "anchor_max": "1, 1",
          "anchor_max_render": "1, 1",
          "type": "image",
          "data": {
            "uri": "%PROJECT%/Base Frames/Base.png",
            "mask_uri": "",
            "fit_mode": "fit",
            "zoom": 1.0,
            "offset": "0, 0",
            "tint": "#FF0000FF"
          },
          "sort_mode": "0",
          "split_mode": "none",
          "parent_panel_id": "00000000-0000-0000-0000-000000000000"
        }
      ]
    },
    {
      "layer_id": "8e158380-2cb1-4228-858c-7bbd166898d7",
      "name": "Image Layer",
      "padding": 0.0,
      "spacing": 0.0,
      "panels": [
        {
          "panel_id": "a471f580-cda3-47fb-95fb-276fe0488f34",
          "name": "Image",
          "enabled": true,
          "locked": false,
          "rotation": 0,
          "padding": "0, 0, 0, 0",
          "material_name": "Blank",
          "material_selection": 0,
          "material_tint": "#00000000",
          "anchor_min": "0, 0",
          "anchor_min_render": "0, 0",
          "anchor_max": "1, 1",
          "anchor_max_render": "1, 1",
          "type": "image",
          "data": {
            "uri": "",
            "mask_uri": "",
            "fit_mode": "fit",
            "zoom": 1.0,
            "offset": "0, 0",
            "tint": "#FFFFFFFF"
          },
          "sort_mode": "1",
          "split_mode": "none",
          "parent_panel_id": "00000000-0000-0000-0000-000000000000"
        }
      ]
    },
    {
      "layer_id": "ae93dfd5-3bd9-4f82-a577-e1259bfd7d72",
      "name": "Card Frame",
      "padding": 0.0,
      "spacing": 0.0,
      "panels": [
        {
          "panel_id": "63287671-cddd-4c66-931c-81c41e314632",
          "name": "",
          "enabled": true,
          "locked": true,
          "rotation": 0,
          "padding": "0, 0, 0, 0",
          "material_name": "Blank",
          "material_selection": 0,
          "material_tint": "#00000000",
          "anchor_min": "0, 0",
          "anchor_min_render": "0, 0",
          "anchor_max": "1, 1",
          "anchor_max_render": "1, 1",
          "type": "image",
          "data": {
            "uri": "%PROJECT%/Base Frames/Club_A.png",
            "mask_uri": "",
            "fit_mode": "fit",
            "zoom": 1.0,
            "offset": "0, 0",
            "tint": "#FFFFFFFF"
          },
          "sort_mode": "2",
          "split_mode": "none",
          "parent_panel_id": "00000000-0000-0000-0000-000000000000"
        }
      ]
    },
    {
      "layer_id": "50dafc98-de6c-496c-bcf1-c5ecdeb7aae7",
      "name": "Attack Grid",
      "padding": 0.0,
      "spacing": 0.0,
      "panels": [
        {
          "panel_id": "2dfeebeb-a3ac-4fed-a1b8-85bf8a792b0f",
          "name": "",
          "enabled": true,
          "locked": false,
          "rotation": 0,
          "padding": "0, 0, 0, 0",
          "material_name": "Blank",
          "material_selection": 0,
          "material_tint": "#00000000",
          "anchor_min": "0, 0",
          "anchor_min_render": "0, 0",
          "anchor_max": "1, 1",
          "anchor_max_render": "1, 1",
          "type": "image",
          "data": {
            "uri": "%PROJECT%/Attack_Grids/G_.png",
            "mask_uri": "",
            "fit_mode": "fit",
            "zoom": 1.0,
            "offset": "0, 0",
            "tint": "#FFFFFFFF"
          },
          "sort_mode": "3",
          "split_mode": "none",
          "parent_panel_id": "00000000-0000-0000-0000-000000000000"
        }
      ]
    },
    {
      "layer_id": "aca46257-105f-4671-92d3-be82eef16bc6",
      "name": "Stats Layer",
      "padding": 0.0,
      "spacing": 0.0,
      "panels": [
        {
          "panel_id": "12a11d04-1bc7-4b59-896d-53f5b208fc5e",
          "name": "",
          "enabled": true,
          "locked": false,
          "rotation": 0,
          "padding": "0, 0, 0, 0",
          "material_name": "Blank",
          "material_selection": 0,
          "material_tint": "#00000000",
          "anchor_min": "0, 0",
          "anchor_min_render": "0, 0",
          "anchor_max": "1, 0.002590674",
          "anchor_max_render": "1, 0.002590674",
          "type": "none",
          "data": {},
          "sort_mode": "4",
          "split_mode": "horizontal",
          "parent_panel_id": "00000000-0000-0000-0000-000000000000"
        },
        {
          "panel_id": "8458c2bb-801a-4f06-bddd-c9191611f99c",
          "name": "",
          "enabled": true,
          "locked": false,
          "rotation": 0,
          "padding": "0, 0, 0, 0",
          "material_name": "Blank",
          "material_selection": 0,
          "material_tint": "#00000000",
          "anchor_min": "0, 0.002590674",
          "anchor_min_render": "0, 0.002590687",
          "anchor_max": "1, 0.2512953",
          "anchor_max_render": "1, 0.2512953",
          "type": "none",
          "data": {},
          "sort_mode": "5",
          "split_mode": "horizontal",
          "parent_panel_id": "00000000-0000-0000-0000-000000000000"
        },
        {
          "panel_id": "10d1fe80-10c1-4a74-8940-5e8162b2a859",
          "name": "",
          "enabled": true,
          "locked": false,
          "rotation": 0,
          "padding": "0, 0, 0, 0",
          "material_name": "Blank",
          "material_selection": 0,
          "material_tint": "#00000000",
          "anchor_min": "0, 0.2512953",
          "anchor_min_render": "0, 0.2512953",
          "anchor_max": "1, 1",
          "anchor_max_render": "1, 1",
          "type": "none",
          "data": {},
          "sort_mode": "5",
          "split_mode": "horizontal",
          "parent_panel_id": "00000000-0000-0000-0000-000000000000"
        },
        {
          "panel_id": "f2641994-d441-4a4b-8263-43b31a40e3dd",
          "name": "",
          "enabled": true,
          "locked": false,
          "rotation": 0,
          "padding": "0, 0, 0, 0",
          "material_name": "Blank",
          "material_selection": 0,
          "material_tint": "#00000000",
          "anchor_min": "0, 0",
          "anchor_min_render": "0, 0.2512953",
          "anchor_max": "0.2799956, 1",
          "anchor_max_render": "0.2799955, 1",
          "type": "none",
          "data": {},
          "sort_mode": "5",
          "split_mode": "vertical",
          "parent_panel_id": "10d1fe80-10c1-4a74-8940-5e8162b2a859"
        },
        {
          "panel_id": "a3f617f4-94ea-420a-b671-f973f5f41463",
          "name": "",
          "enabled": true,
          "locked": false,
          "rotation": 0,
          "padding": "0, 0, 0, 0",
          "material_name": "Blank",
          "material_selection": 0,
          "material_tint": "#00000000",
          "anchor_min": "0, 0",
          "anchor_min_render": "0, 0.2512953",
          "anchor_max": "1, 0.2064591",
          "anchor_max_render": "0.2799955, 0.4058722",
          "type": "none",
          "data": {},
          "sort_mode": "14",
          "split_mode": "horizontal",
          "parent_panel_id": "f2641994-d441-4a4b-8263-43b31a40e3dd"
        },
        {
          "panel_id": "8a6c4525-cbe4-400a-be55-1c73091083ad",
          "name": "",
          "enabled": true,
          "locked": false,
          "rotation": 0,
          "padding": "0, 0, 0, 0",
          "material_name": "Blank",
          "material_selection": 0,
          "material_tint": "#00000000",
          "anchor_min": "0, 0",
          "anchor_min_render": "0, 0.2512953",
          "anchor_max": "0.1858356, 1",
          "anchor_max_render": "0.05203304, 0.4058722",
          "type": "none",
          "data": {},
          "sort_mode": "6",
          "split_mode": "vertical",
          "parent_panel_id": "a3f617f4-94ea-420a-b671-f973f5f41463"
        },
        {
          "panel_id": "1261c639-b385-45f1-bcda-4bcd8af1d567",
          "name": "",
          "enabled": true,
          "locked": false,
          "rotation": 0,
          "padding": "0, 0, 0, 0",
          "material_name": "Blank",
          "material_selection": 0,
          "material_tint": "#00000000",
          "anchor_min": "0.1858356, 0",
          "anchor_min_render": "0.05203311, 0.2512953",
          "anchor_max": "1, 1",
          "anchor_max_render": "0.2799955, 0.4058722",
          "type": "text",
          "data": {
            "font_family": "BIOSfontII",
            "font_preferred_size": 48,
            "line_spacing": 1.0,
            "text_anchor": "middlecenter",
            "text": "99",
            "color": "#FFFFFFFF",
            "outline_length": 1.0,
            "outline_color": "#FFFFFF00",
            "image_scaling": 1.0,
            "image_offset": "0, 0"
          },
          "sort_mode": "7",
          "split_mode": "vertical",
          "parent_panel_id": "a3f617f4-94ea-420a-b671-f973f5f41463"
        },
        {
          "panel_id": "fa1eb9ba-c455-46db-a38e-b1bc712be495",
          "name": "",
          "enabled": true,
          "locked": false,
          "rotation": 0,
          "padding": "0, 0, 0, 0",
          "material_name": "Blank",
          "material_selection": 0,
          "material_tint": "#00000000",
          "anchor_min": "0, 0.2064591",
          "anchor_min_render": "0, 0.4058722",
          "anchor_max": "1, 0.432526",
          "anchor_max_render": "0.2799955, 0.5751295",
          "type": "none",
          "data": {},
          "sort_mode": "8",
          "split_mode": "horizontal",
          "parent_panel_id": "f2641994-d441-4a4b-8263-43b31a40e3dd"
        },
        {
          "panel_id": "b9b87b4c-fbc2-4b40-a054-36f5af443c82",
          "name": "",
          "enabled": true,
          "locked": false,
          "rotation": 0,
          "padding": "0, 0, 0, 0",
          "material_name": "Blank",
          "material_selection": 0,
          "material_tint": "#00000000",
          "anchor_min": "0, 0.432526",
          "anchor_min_render": "0, 0.5751295",
          "anchor_max": "1, 0.6378316",
          "anchor_max_render": "0.2799955, 0.7288429",
          "type": "none",
          "data": {},
          "sort_mode": "11",
          "split_mode": "horizontal",
          "parent_panel_id": "f2641994-d441-4a4b-8263-43b31a40e3dd"
        },
        {
          "panel_id": "82ad1338-f440-454d-9ad5-a616c1583d59",
          "name": "",
          "enabled": true,
          "locked": false,
          "rotation": 0,
          "padding": "0, 0, 0, 0",
          "material_name": "Blank",
          "material_selection": 0,
          "material_tint": "#00000000",
          "anchor_min": "0, 0",
          "anchor_min_render": "0, 0.5751295",
          "anchor_max": "0.181573, 1",
          "anchor_max_render": "0.05083955, 0.7288429",
          "type": "none",
          "data": {},
          "sort_mode": "9",
          "split_mode": "vertical",
          "parent_panel_id": "b9b87b4c-fbc2-4b40-a054-36f5af443c82"
        },
        {
          "panel_id": "58e90691-2002-4a22-bed5-ee50c2d1016b",
          "name": "",
          "enabled": true,
          "locked": false,
          "rotation": 0,
          "padding": "0, 0, 0, 0",
          "material_name": "Blank",
          "material_selection": 0,
          "material_tint": "#00000000",
          "anchor_min": "0.181573, 0",
          "anchor_min_render": "0.05083963, 0.5751295",
          "anchor_max": "1, 1",
          "anchor_max_render": "0.2799955, 0.7288429",
          "type": "none",
          "data": {},
          "sort_mode": "10",
          "split_mode": "vertical",
          "parent_panel_id": "b9b87b4c-fbc2-4b40-a054-36f5af443c82"
        },
        {
          "panel_id": "dbc8c076-1a7e-4f9e-99a6-e7e6fd1c2a0d",
          "name": "",
          "enabled": true,
          "locked": false,
          "rotation": 0,
          "padding": "0, 0, 0, 0",
          "material_name": "Blank",
          "material_selection": 0,
          "material_tint": "#00000000",
          "anchor_min": "0, 0.6378316",
          "anchor_min_render": "0, 0.7288428",
          "anchor_max": "1, 0.7585034",
          "anchor_max_render": "0.2799955, 0.8191903",
          "type": "none",
          "data": {},
          "sort_mode": "11",
          "split_mode": "horizontal",
          "parent_panel_id": "f2641994-d441-4a4b-8263-43b31a40e3dd"
        },
        {
          "panel_id": "2daca12e-3652-4ff4-9d55-6255488e57c8",
          "name": "Pip Cost",
          "enabled": true,
          "locked": false,
          "rotation": 0,
          "padding": "0.15, 0.15, 0.15, 0.1",
          "material_name": "Blank",
          "material_selection": 0,
          "material_tint": "#00000000",
          "anchor_min": "0, 0.7585034",
          "anchor_min_render": "0, 0.8191903",
          "anchor_max": "1, 1",
          "anchor_max_render": "0.2799955, 1",
          "type": "text",
          "data": {
            "font_family": "BIOSfontII",
            "font_preferred_size": 36,
            "line_spacing": 1.0,
            "text_anchor": "middlecenter",
            "text": "10",
            "color": "#FFFFFFFF",
            "outline_length": 1.0,
            "outline_color": "#FFFFFF00",
            "image_scaling": 1.0,
            "image_offset": "0, 0"
          },
          "sort_mode": "12",
          "split_mode": "horizontal",
          "parent_panel_id": "f2641994-d441-4a4b-8263-43b31a40e3dd"
        },
        {
          "panel_id": "4d9d9385-1f4e-46e9-a66f-796cd4ae35b9",
          "name": "",
          "enabled": true,
          "locked": false,
          "rotation": 0,
          "padding": "0, 0, 0, 0",
          "material_name": "Blank",
          "material_selection": 0,
          "material_tint": "#00000000",
          "anchor_min": "0.2799956, 0",
          "anchor_min_render": "0.2799955, 0.2512953",
          "anchor_max": "1, 1",
          "anchor_max_render": "0.9999999, 1",
          "type": "none",
          "data": {},
          "sort_mode": "13",
          "split_mode": "vertical",
          "parent_panel_id": "10d1fe80-10c1-4a74-8940-5e8162b2a859"
        }
      ]
    },
    {
      "layer_id": "0f441afa-dde1-45fb-866b-bd7800bbb94f",
      "name": "Text Layers",
      "padding": 0.0,
      "spacing": 0.0,
      "panels": [
        {
          "panel_id": "53c512ea-8145-4548-94ac-c79060664450",
          "name": "",
          "enabled": true,
          "locked": false,
          "rotation": 0,
          "padding": "0, 0, 0, 0",
          "material_name": "Blank",
          "material_selection": 0,
          "material_tint": "#00000000",
          "anchor_min": "0, 0",
          "anchor_min_render": "0, -2.635369E-08",
          "anchor_max": "1, 0.03862678",
          "anchor_max_render": "1, 0.03862674",
          "type": "none",
          "data": {},
          "sort_mode": "14",
          "split_mode": "horizontal",
          "parent_panel_id": "00000000-0000-0000-0000-000000000000"
        },
        {
          "panel_id": "e4a55f76-64f1-4d2b-83dd-bb46755ee7d8",
          "name": "Effect",
          "enabled": true,
          "locked": false,
          "rotation": 0,
          "padding": "0.15, 0.11, 0.15, 0.11",
          "material_name": "Blank",
          "material_selection": 0,
          "material_tint": "#00000000",
          "anchor_min": "0, 0.03862678",
          "anchor_min_render": "0, 0.03862676",
          "anchor_max": "1, 0.2384095",
          "anchor_max_render": "1, 0.2384095",
          "type": "text",
          "data": {
            "font_family": "BIOSfontII",
            "font_preferred_size": 16,
            "line_spacing": 1.0,
            "text_anchor": "upperleft",
            "text": "This is a cards effect text. Each card is allowed up two effects that they can use, one Passive effect, that last while the card is on the field, and an active effect, which works by taking the effect action. ",
            "color": "#FFFFFFFF",
            "outline_length": 1.0,
            "outline_color": "#FFFFFF00",
            "image_scaling": 1.0,
            "image_offset": "0, 0"
          },
          "sort_mode": "15",
          "split_mode": "horizontal",
          "parent_panel_id": "00000000-0000-0000-0000-000000000000"
        },
        {
          "panel_id": "4c64e3c6-4506-44d9-89c5-a9d3c8869953",
          "name": "",
          "enabled": true,
          "locked": false,
          "rotation": 0,
          "padding": "0, 0, 0, 0",
          "material_name": "Blank",
          "material_selection": 0,
          "material_tint": "#00000000",
          "anchor_min": "0, 0.2384095",
          "anchor_min_render": "0, 0.2384095",
          "anchor_max": "1, 0.8846626",
          "anchor_max_render": "1, 0.8846626",
          "type": "none",
          "data": {},
          "sort_mode": "16",
          "split_mode": "horizontal",
          "parent_panel_id": "00000000-0000-0000-0000-000000000000"
        },
        {
          "panel_id": "26f2c84f-1449-45a1-b3d1-093d5f9c202a",
          "name": "",
          "enabled": true,
          "locked": false,
          "rotation": 0,
          "padding": "0, 0, 0, 0",
          "material_name": "Blank",
          "material_selection": 0,
          "material_tint": "#00000000",
          "anchor_min": "0, 0",
          "anchor_min_render": "0, 0.2384095",
          "anchor_max": "0.9877631, 1",
          "anchor_max_render": "0.987763, 0.8846626",
          "type": "none",
          "data": {},
          "sort_mode": "16",
          "split_mode": "vertical",
          "parent_panel_id": "4c64e3c6-4506-44d9-89c5-a9d3c8869953"
        },
        {
          "panel_id": "01e7b265-fc8a-44bd-8ee8-06c11ee91de1",
          "name": "",
          "enabled": true,
          "locked": false,
          "rotation": 0,
          "padding": "0, 0, 0, 0",
          "material_name": "Blank",
          "material_selection": 0,
          "material_tint": "#00000000",
          "anchor_min": "0.9877631, 0",
          "anchor_min_render": "0.9877631, 0.2384095",
          "anchor_max": "1, 1",
          "anchor_max_render": "1, 0.8846626",
          "type": "none",
          "data": {},
          "sort_mode": "17",
          "split_mode": "vertical",
          "parent_panel_id": "4c64e3c6-4506-44d9-89c5-a9d3c8869953"
        },
        {
          "panel_id": "78b026fc-a86f-4a01-828f-bbfca6dd5925",
          "name": "",
          "enabled": true,
          "locked": false,
          "rotation": 0,
          "padding": "0, 0, 0, 0",
          "material_name": "Blank",
          "material_selection": 0,
          "material_tint": "#00000000",
          "anchor_min": "0, 0.8846626",
          "anchor_min_render": "0, 0.8846626",
          "anchor_max": "1, 0.9349693",
          "anchor_max_render": "1, 0.9349693",
          "type": "none",
          "data": {},
          "sort_mode": "24",
          "split_mode": "horizontal",
          "parent_panel_id": "00000000-0000-0000-0000-000000000000"
        },
        {
          "panel_id": "5f36e2ba-3366-49b1-87d1-2ce140a5e585",
          "name": "",
          "enabled": true,
          "locked": false,
          "rotation": 0,
          "padding": "0, 0, 0, 0",
          "material_name": "Blank",
          "material_selection": 0,
          "material_tint": "#00000000",
          "anchor_min": "0, 0",
          "anchor_min_render": "0, 0.8846626",
          "anchor_max": "0.3231104, 1",
          "anchor_max_render": "0.3231103, 0.9349693",
          "type": "none",
          "data": {},
          "sort_mode": "18",
          "split_mode": "vertical",
          "parent_panel_id": "78b026fc-a86f-4a01-828f-bbfca6dd5925"
        },
        {
          "panel_id": "628de28f-a969-4357-a8a2-73097dd6c803",
          "name": "Quote",
          "enabled": true,
          "locked": false,
          "rotation": 0,
          "padding": "0.05, 0.02, 0.15, 0.04",
          "material_name": "Blank",
          "material_selection": 0,
          "material_tint": "#00000000",
          "anchor_min": "0.3231104, 0",
          "anchor_min_render": "0.3231103, 0.8846626",
          "anchor_max": "0.960411, 1",
          "anchor_max_render": "0.9604109, 0.9349693",
          "type": "text",
          "data": {
            "font_family": "BIOSfontII",
            "font_preferred_size": 12,
            "line_spacing": 1.0,
            "text_anchor": "middlecenter",
            "text": "This is a quote or a little bit of text",
            "color": "#FFFFFFFF",
            "outline_length": 1.0,
            "outline_color": "#FFFFFF00",
            "image_scaling": 1.0,
            "image_offset": "0, 0"
          },
          "sort_mode": "19",
          "split_mode": "vertical",
          "parent_panel_id": "78b026fc-a86f-4a01-828f-bbfca6dd5925"
        },
        {
          "panel_id": "feebda07-58f8-4235-9ead-eb33eab00d31",
          "name": "",
          "enabled": true,
          "locked": false,
          "rotation": 0,
          "padding": "0, 0, 0, 0",
          "material_name": "Blank",
          "material_selection": 0,
          "material_tint": "#00000000",
          "anchor_min": "0.960411, 0",
          "anchor_min_render": "0.960411, 0.8846626",
          "anchor_max": "1, 1",
          "anchor_max_render": "0.9999999, 0.9349693",
          "type": "none",
          "data": {},
          "sort_mode": "20",
          "split_mode": "vertical",
          "parent_panel_id": "78b026fc-a86f-4a01-828f-bbfca6dd5925"
        },
        {
          "panel_id": "ef13c2a0-ee46-412e-9057-aa5bac8c7e24",
          "name": "",
          "enabled": true,
          "locked": false,
          "rotation": 0,
          "padding": "0, 0, 0, 0",
          "material_name": "Blank",
          "material_selection": 0,
          "material_tint": "#00000000",
          "anchor_min": "0, 0.9349693",
          "anchor_min_render": "0, 0.9349692",
          "anchor_max": "1, 1",
          "anchor_max_render": "1, 0.9999999",
          "type": "none",
          "data": {},
          "sort_mode": "19",
          "split_mode": "horizontal",
          "parent_panel_id": "00000000-0000-0000-0000-000000000000"
        },
        {
          "panel_id": "b5ec6bbc-9899-4ea9-95da-bc618ace1501",
          "name": "",
          "enabled": true,
          "locked": false,
          "rotation": 0,
          "padding": "0, 0, 0, 0",
          "material_name": "Blank",
          "material_selection": 0,
          "material_tint": "#00000000",
          "anchor_min": "0, 0",
          "anchor_min_render": "0, 0.9349692",
          "anchor_max": "0.3213926, 1",
          "anchor_max_render": "0.3213924, 0.9999999",
          "type": "none",
          "data": {},
          "sort_mode": "21",
          "split_mode": "vertical",
          "parent_panel_id": "ef13c2a0-ee46-412e-9057-aa5bac8c7e24"
        },
        {
          "panel_id": "964b57cc-5c6f-4371-9b2c-c51de9c4f94d",
          "name": "Name",
          "enabled": true,
          "locked": false,
          "rotation": 0,
          "padding": "0.35, 0.03, 0.1, 0.03",
          "material_name": "Blank",
          "material_selection": 0,
          "material_tint": "#00000000",
          "anchor_min": "0.3213926, 0",
          "anchor_min_render": "0.3213925, 0.9349692",
          "anchor_max": "0.9672821, 1",
          "anchor_max_render": "0.9672819, 0.9999999",
          "type": "text",
          "data": {
            "font_family": "Rockboxcond12",
            "font_preferred_size": 20,
            "line_spacing": 1.0,
            "text_anchor": "middleleft",
            "text": "Name Here yes yes it goes here and",
            "color": "#FFFFFFFF",
            "outline_length": 1.0,
            "outline_color": "#FFFFFF00",
            "image_scaling": 1.0,
            "image_offset": "0, 0"
          },
          "sort_mode": "22",
          "split_mode": "vertical",
          "parent_panel_id": "ef13c2a0-ee46-412e-9057-aa5bac8c7e24"
        },
        {
          "panel_id": "ea560b79-ecb2-40ec-b6bf-58171cf1ba40",
          "name": "",
          "enabled": true,
          "locked": false,
          "rotation": 0,
          "padding": "0, 0, 0, 0",
          "material_name": "Blank",
          "material_selection": 0,
          "material_tint": "#00000000",
          "anchor_min": "0.9672821, 0",
          "anchor_min_render": "0.967282, 0.9349692",
          "anchor_max": "1, 1",
          "anchor_max_render": "0.9999999, 0.9999999",
          "type": "none",
          "data": {},
          "sort_mode": "23",
          "split_mode": "vertical",
          "parent_panel_id": "ef13c2a0-ee46-412e-9057-aa5bac8c7e24"
        }
      ]
    }
  ],
  "back_layers": [
    {
      "layer_id": "71dc84ba-28e5-4c0d-a4b0-79a7516ed2fb",
      "name": "Layer 01 Back",
      "padding": 2.638507E-05,
      "spacing": 0.025,
      "panels": [
        {
          "panel_id": "56f26d11-1e9f-419b-94f3-fff4e18fc8c6",
          "name": "",
          "enabled": true,
          "locked": false,
          "rotation": 0,
          "padding": "0, 0, 0, 0",
          "material_name": "Blank",
          "material_selection": 0,
          "material_tint": "#00000000",
          "anchor_min": "0, 0",
          "anchor_min_render": "0, 0",
          "anchor_max": "1, 1",
          "anchor_max_render": "1, 1",
          "type": "image",
          "data": {
            "uri": "%PROJECT%/Base Frames/Back.png",
            "mask_uri": "",
            "fit_mode": "fit",
            "zoom": 1.0,
            "offset": "0, 0",
            "tint": "#FFFFFFFF"
          },
          "sort_mode": "24",
          "split_mode": "none",
          "parent_panel_id": "00000000-0000-0000-0000-000000000000"
        }
      ]
    }
  ]
}