{
  "version": 2.12,
  "blueprint_id": "6b242b64-1b16-40b4-adb5-87ae4955332a",
  "name": "Diamond_D",
  "layout_size": "63.5, 88.9",
  "layout_grid_size": "0.2183248, 0.2183248",
  "layout_grid_offset": "0, 0",
  "layout_grid_square": false,
  "layout_grid_centered": false,
  "main_panel_id": "00000000-0000-0000-0000-000000000000",
  "front_layers": [
    {
      "layer_id": "dd5037ff-d34f-40b2-8575-102c6c5d4cee",
      "name": "Black Base",
      "padding": 0.0,
      "spacing": 0.0,
      "panels": [
        {
          "panel_id": "718197b4-d820-4b72-a264-6967b82e007b",
          "name": "",
          "enabled": true,
          "locked": true,
          "rotation": 0,
          "padding": "0, 0, 0, 0",
          "material_name": "Blank",
          "material_selection": 0,
          "material_tint": "#00000000",
          "anchor_min": "0, 0",
          "anchor_min_render": "0, 0",
          "anchor_max": "1, 1",
          "anchor_max_render": "1, 1",
          "type": "image",
          "data": {
            "uri": "%PROJECT%/Base Frames/Base.png",
            "mask_uri": "",
            "fit_mode": "fit",
            "zoom": 1.0,
            "offset": "0, 0",
            "tint": "#FF0000FF"
          },
          "sort_mode": "0",
          "split_mode": "none",
          "parent_panel_id": "00000000-0000-0000-0000-000000000000"
        }
      ]
    },
    {
      "layer_id": "22420e59-3c14-4913-8212-091f2b095991",
      "name": "Image Layer",
      "padding": 0.0,
      "spacing": 0.0,
      "panels": [
        {
          "panel_id": "bbca18d0-e9b2-44e7-80d6-7a15761be0f8",
          "name": "Image",
          "enabled": true,
          "locked": false,
          "rotation": 0,
          "padding": "0, 0, 0, 0",
          "material_name": "Blank",
          "material_selection": 0,
          "material_tint": "#00000000",
          "anchor_min": "0, 0",
          "anchor_min_render": "0, 0",
          "anchor_max": "1, 1",
          "anchor_max_render": "1, 1",
          "type": "image",
          "data": {
            "uri": "",
            "mask_uri": "",
            "fit_mode": "fit",
            "zoom": 1.0,
            "offset": "0, 0",
            "tint": "#FFFFFFFF"
          },
          "sort_mode": "1",
          "split_mode": "none",
          "parent_panel_id": "00000000-0000-0000-0000-000000000000"
        }
      ]
    },
    {
      "layer_id": "cf06e8b1-feb3-48f6-af20-6f1ef32929ff",
      "name": "Card Frame",
      "padding": 0.0,
      "spacing": 0.0,
      "panels": [
        {
          "panel_id": "683e1f49-56f6-442f-8cee-f3bc3ab241e8",
          "name": "",
          "enabled": true,
          "locked": true,
          "rotation": 0,
          "padding": "0, 0, 0, 0",
          "material_name": "Blank",
          "material_selection": 0,
          "material_tint": "#00000000",
          "anchor_min": "0, 0",
          "anchor_min_render": "0, 0",
          "anchor_max": "1, 1",
          "anchor_max_render": "1, 1",
          "type": "image",
          "data": {
            "uri": "%PROJECT%/Base Frames/Diamond_D.png",
            "mask_uri": "",
            "fit_mode": "fit",
            "zoom": 1.0,
            "offset": "0, 0",
            "tint": "#FFFFFFFF"
          },
          "sort_mode": "2",
          "split_mode": "none",
          "parent_panel_id": "00000000-0000-0000-0000-000000000000"
        }
      ]
    },
    {
      "layer_id": "6f566961-e0fa-4cf6-8ec5-c616c4b3b198",
      "name": "Attack Grid",
      "padding": 0.0,
      "spacing": 0.0,
      "panels": [
        {
          "panel_id": "202cb73a-ad4a-438a-b696-7599908012c9",
          "name": "",
          "enabled": true,
          "locked": false,
          "rotation": 0,
          "padding": "0, 0, 0, 0",
          "material_name": "Blank",
          "material_selection": 0,
          "material_tint": "#00000000",
          "anchor_min": "0, 0",
          "anchor_min_render": "0, 0",
          "anchor_max": "1, 1",
          "anchor_max_render": "1, 1",
          "type": "image",
          "data": {
            "uri": "%PROJECT%/Attack_Grids/G_.png",
            "mask_uri": "",
            "fit_mode": "fit",
            "zoom": 1.0,
            "offset": "0, 0",
            "tint": "#FFFFFFFF"
          },
          "sort_mode": "3",
          "split_mode": "none",
          "parent_panel_id": "00000000-0000-0000-0000-000000000000"
        }
      ]
    },
    {
      "layer_id": "bdbc70bf-e11a-45ff-929a-d2b811d76589",
      "name": "Stats Layer",
      "padding": 0.0,
      "spacing": 0.0,
      "panels": [
        {
          "panel_id": "4f38a0d5-75ae-4e90-aed8-762bd2baee13",
          "name": "",
          "enabled": true,
          "locked": false,
          "rotation": 0,
          "padding": "0, 0, 0, 0",
          "material_name": "Blank",
          "material_selection": 0,
          "material_tint": "#00000000",
          "anchor_min": "0, 0",
          "anchor_min_render": "0, 0",
          "anchor_max": "1, 0.002590674",
          "anchor_max_render": "1, 0.002590674",
          "type": "none",
          "data": {},
          "sort_mode": "4",
          "split_mode": "horizontal",
          "parent_panel_id": "00000000-0000-0000-0000-000000000000"
        },
        {
          "panel_id": "b01fcfc8-14b9-4de0-ac84-f4de4850779c",
          "name": "",
          "enabled": true,
          "locked": false,
          "rotation": 0,
          "padding": "0, 0, 0, 0",
          "material_name": "Blank",
          "material_selection": 0,
          "material_tint": "#00000000",
          "anchor_min": "0, 0.002590674",
          "anchor_min_render": "0, 0.002590687",
          "anchor_max": "1, 0.2512953",
          "anchor_max_render": "1, 0.2512953",
          "type": "none",
          "data": {},
          "sort_mode": "5",
          "split_mode": "horizontal",
          "parent_panel_id": "00000000-0000-0000-0000-000000000000"
        },
        {
          "panel_id": "28565b80-d15d-40ae-bc12-d19742eb292c",
          "name": "",
          "enabled": true,
          "locked": false,
          "rotation": 0,
          "padding": "0, 0, 0, 0",
          "material_name": "Blank",
          "material_selection": 0,
          "material_tint": "#00000000",
          "anchor_min": "0, 0.2512953",
          "anchor_min_render": "0, 0.2512953",
          "anchor_max": "1, 1",
          "anchor_max_render": "1, 1",
          "type": "none",
          "data": {},
          "sort_mode": "5",
          "split_mode": "horizontal",
          "parent_panel_id": "00000000-0000-0000-0000-000000000000"
        },
        {
          "panel_id": "89a06fba-7b46-47bd-a713-e725967987db",
          "name": "",
          "enabled": true,
          "locked": false,
          "rotation": 0,
          "padding": "0, 0, 0, 0",
          "material_name": "Blank",
          "material_selection": 0,
          "material_tint": "#00000000",
          "anchor_min": "0, 0",
          "anchor_min_render": "0, 0.2512953",
          "anchor_max": "0.2799956, 1",
          "anchor_max_render": "0.2799955, 1",
          "type": "none",
          "data": {},
          "sort_mode": "5",
          "split_mode": "vertical",
          "parent_panel_id": "28565b80-d15d-40ae-bc12-d19742eb292c"
        },
        {
          "panel_id": "19d494f7-27f4-4bd4-a8cb-4afc278f03e8",
          "name": "",
          "enabled": true,
          "locked": false,
          "rotation": 0,
          "padding": "0, 0, 0, 0",
          "material_name": "Blank",
          "material_selection": 0,
          "material_tint": "#00000000",
          "anchor_min": "0, 0",
          "anchor_min_render": "0, 0.2512953",
          "anchor_max": "1, 0.2064591",
          "anchor_max_render": "0.2799955, 0.4058722",
          "type": "none",
          "data": {},
          "sort_mode": "14",
          "split_mode": "horizontal",
          "parent_panel_id": "89a06fba-7b46-47bd-a713-e725967987db"
        },
        {
          "panel_id": "34d4c4cc-fe2d-4d11-8399-ab924fd86e06",
          "name": "",
          "enabled": true,
          "locked": false,
          "rotation": 0,
          "padding": "0, 0, 0, 0",
          "material_name": "Blank",
          "material_selection": 0,
          "material_tint": "#00000000",
          "anchor_min": "0, 0",
          "anchor_min_render": "0, 0.2512953",
          "anchor_max": "0.1858356, 1",
          "anchor_max_render": "0.05203304, 0.4058722",
          "type": "none",
          "data": {},
          "sort_mode": "6",
          "split_mode": "vertical",
          "parent_panel_id": "19d494f7-27f4-4bd4-a8cb-4afc278f03e8"
        },
        {
          "panel_id": "43331e04-2ea3-4e47-938b-8b1b6dea278e",
          "name": "",
          "enabled": true,
          "locked": false,
          "rotation": 0,
          "padding": "0, 0, 0, 0",
          "material_name": "Blank",
          "material_selection": 0,
          "material_tint": "#00000000",
          "anchor_min": "0.1858356, 0",
          "anchor_min_render": "0.05203311, 0.2512953",
          "anchor_max": "1, 1",
          "anchor_max_render": "0.2799955, 0.4058722",
          "type": "text",
          "data": {
            "font_family": "BIOSfontII",
            "font_preferred_size": 48,
            "line_spacing": 1.0,
            "text_anchor": "middlecenter",
            "text": "99",
            "color": "#FFFFFFFF",
            "outline_length": 1.0,
            "outline_color": "#FFFFFF00",
            "image_scaling": 1.0,
            "image_offset": "0, 0"
          },
          "sort_mode": "7",
          "split_mode": "vertical",
          "parent_panel_id": "19d494f7-27f4-4bd4-a8cb-4afc278f03e8"
        },
        {
          "panel_id": "f3fe83be-7e6f-4f77-9502-493e64484b1e",
          "name": "",
          "enabled": true,
          "locked": false,
          "rotation": 0,
          "padding": "0, 0, 0, 0",
          "material_name": "Blank",
          "material_selection": 0,
          "material_tint": "#00000000",
          "anchor_min": "0, 0.2064591",
          "anchor_min_render": "0, 0.4058722",
          "anchor_max": "1, 0.432526",
          "anchor_max_render": "0.2799955, 0.5751295",
          "type": "none",
          "data": {},
          "sort_mode": "8",
          "split_mode": "horizontal",
          "parent_panel_id": "89a06fba-7b46-47bd-a713-e725967987db"
        },
        {
          "panel_id": "50f93f47-da2e-424c-8a01-e57ee4c96c30",
          "name": "",
          "enabled": true,
          "locked": false,
          "rotation": 0,
          "padding": "0, 0, 0, 0",
          "material_name": "Blank",
          "material_selection": 0,
          "material_tint": "#00000000",
          "anchor_min": "0, 0.432526",
          "anchor_min_render": "0, 0.5751295",
          "anchor_max": "1, 0.6378316",
          "anchor_max_render": "0.2799955, 0.7288429",
          "type": "none",
          "data": {},
          "sort_mode": "11",
          "split_mode": "horizontal",
          "parent_panel_id": "89a06fba-7b46-47bd-a713-e725967987db"
        },
        {
          "panel_id": "52c7189e-a339-40f6-9e9b-a0368f6c68c8",
          "name": "",
          "enabled": true,
          "locked": false,
          "rotation": 0,
          "padding": "0, 0, 0, 0",
          "material_name": "Blank",
          "material_selection": 0,
          "material_tint": "#00000000",
          "anchor_min": "0, 0",
          "anchor_min_render": "0, 0.5751295",
          "anchor_max": "0.181573, 1",
          "anchor_max_render": "0.05083955, 0.7288429",
          "type": "none",
          "data": {},
          "sort_mode": "9",
          "split_mode": "vertical",
          "parent_panel_id": "50f93f47-da2e-424c-8a01-e57ee4c96c30"
        },
        {
          "panel_id": "b928466f-7a41-48d8-b4a0-651a16da81eb",
          "name": "",
          "enabled": true,
          "locked": false,
          "rotation": 0,
          "padding": "0, 0, 0, 0",
          "material_name": "Blank",
          "material_selection": 0,
          "material_tint": "#00000000",
          "anchor_min": "0.181573, 0",
          "anchor_min_render": "0.05083963, 0.5751295",
          "anchor_max": "1, 1",
          "anchor_max_render": "0.2799955, 0.7288429",
          "type": "none",
          "data": {},
          "sort_mode": "10",
          "split_mode": "vertical",
          "parent_panel_id": "50f93f47-da2e-424c-8a01-e57ee4c96c30"
        },
        {
          "panel_id": "ddd3d316-a947-4e8d-ac57-892e4d332084",
          "name": "",
          "enabled": true,
          "locked": false,
          "rotation": 0,
          "padding": "0, 0, 0, 0",
          "material_name": "Blank",
          "material_selection": 0,
          "material_tint": "#00000000",
          "anchor_min": "0, 0.6378316",
          "anchor_min_render": "0, 0.7288428",
          "anchor_max": "1, 0.7585034",
          "anchor_max_render": "0.2799955, 0.8191903",
          "type": "none",
          "data": {},
          "sort_mode": "11",
          "split_mode": "horizontal",
          "parent_panel_id": "89a06fba-7b46-47bd-a713-e725967987db"
        },
        {
          "panel_id": "c63cd8a8-a999-495c-b5fd-20352925e03d",
          "name": "Pip Cost",
          "enabled": true,
          "locked": false,
          "rotation": 0,
          "padding": "0.15, 0.15, 0.15, 0.1",
          "material_name": "Blank",
          "material_selection": 0,
          "material_tint": "#00000000",
          "anchor_min": "0, 0.7585034",
          "anchor_min_render": "0, 0.8191903",
          "anchor_max": "1, 1",
          "anchor_max_render": "0.2799955, 1",
          "type": "text",
          "data": {
            "font_family": "BIOSfontII",
            "font_preferred_size": 36,
            "line_spacing": 1.0,
            "text_anchor": "middlecenter",
            "text": "10",
            "color": "#FFFFFFFF",
            "outline_length": 1.0,
            "outline_color": "#FFFFFF00",
            "image_scaling": 1.0,
            "image_offset": "0, 0"
          },
          "sort_mode": "12",
          "split_mode": "horizontal",
          "parent_panel_id": "89a06fba-7b46-47bd-a713-e725967987db"
        },
        {
          "panel_id": "33929792-a0f8-4dc1-bec5-ce56c1cf19ce",
          "name": "",
          "enabled": true,
          "locked": false,
          "rotation": 0,
          "padding": "0, 0, 0, 0",
          "material_name": "Blank",
          "material_selection": 0,
          "material_tint": "#00000000",
          "anchor_min": "0.2799956, 0",
          "anchor_min_render": "0.2799955, 0.2512953",
          "anchor_max": "1, 1",
          "anchor_max_render": "0.9999999, 1",
          "type": "none",
          "data": {},
          "sort_mode": "13",
          "split_mode": "vertical",
          "parent_panel_id": "28565b80-d15d-40ae-bc12-d19742eb292c"
        }
      ]
    },
    {
      "layer_id": "603231a1-3443-4072-86c1-7f8c15ba826f",
      "name": "Text Layers",
      "padding": 0.0,
      "spacing": 0.0,
      "panels": [
        {
          "panel_id": "769a0eba-cc8d-465c-9e54-502d4d291f76",
          "name": "",
          "enabled": true,
          "locked": false,
          "rotation": 0,
          "padding": "0, 0, 0, 0",
          "material_name": "Blank",
          "material_selection": 0,
          "material_tint": "#00000000",
          "anchor_min": "0, 0",
          "anchor_min_render": "0, -2.635369E-08",
          "anchor_max": "1, 0.03862678",
          "anchor_max_render": "1, 0.03862674",
          "type": "none",
          "data": {},
          "sort_mode": "14",
          "split_mode": "horizontal",
          "parent_panel_id": "00000000-0000-0000-0000-000000000000"
        },
        {
          "panel_id": "87922d81-f0b2-4b45-9b56-94b198c72cf5",
          "name": "Effect",
          "enabled": true,
          "locked": false,
          "rotation": 0,
          "padding": "0.15, 0.11, 0.15, 0.11",
          "material_name": "Blank",
          "material_selection": 0,
          "material_tint": "#00000000",
          "anchor_min": "0, 0.03862678",
          "anchor_min_render": "0, 0.03862676",
          "anchor_max": "1, 0.2384095",
          "anchor_max_render": "1, 0.2384095",
          "type": "text",
          "data": {
            "font_family": "BIOSfontII",
            "font_preferred_size": 16,
            "line_spacing": 1.0,
            "text_anchor": "upperleft",
            "text": "This is a cards effect text. Each card is allowed up two effects that they can use, one Passive effect, that last while the card is on the field, and an active effect, which works by taking the effect action. ",
            "color": "#FFFFFFFF",
            "outline_length": 1.0,
            "outline_color": "#FFFFFF00",
            "image_scaling": 1.0,
            "image_offset": "0, 0"
          },
          "sort_mode": "15",
          "split_mode": "horizontal",
          "parent_panel_id": "00000000-0000-0000-0000-000000000000"
        },
        {
          "panel_id": "7dec5f9f-05ea-41ad-84fd-7a2aa976f695",
          "name": "",
          "enabled": true,
          "locked": false,
          "rotation": 0,
          "padding": "0, 0, 0, 0",
          "material_name": "Blank",
          "material_selection": 0,
          "material_tint": "#00000000",
          "anchor_min": "0, 0.2384095",
          "anchor_min_render": "0, 0.2384095",
          "anchor_max": "1, 0.8846626",
          "anchor_max_render": "1, 0.8846626",
          "type": "none",
          "data": {},
          "sort_mode": "16",
          "split_mode": "horizontal",
          "parent_panel_id": "00000000-0000-0000-0000-000000000000"
        },
        {
          "panel_id": "c0fa0c10-2542-441c-a981-db91d2b82b37",
          "name": "",
          "enabled": true,
          "locked": false,
          "rotation": 0,
          "padding": "0, 0, 0, 0",
          "material_name": "Blank",
          "material_selection": 0,
          "material_tint": "#00000000",
          "anchor_min": "0, 0",
          "anchor_min_render": "0, 0.2384095",
          "anchor_max": "0.9877631, 1",
          "anchor_max_render": "0.987763, 0.8846626",
          "type": "none",
          "data": {},
          "sort_mode": "16",
          "split_mode": "vertical",
          "parent_panel_id": "7dec5f9f-05ea-41ad-84fd-7a2aa976f695"
        },
        {
          "panel_id": "cbfd5a4d-e18c-4c38-9740-c0c967c0962a",
          "name": "",
          "enabled": true,
          "locked": false,
          "rotation": 0,
          "padding": "0, 0, 0, 0",
          "material_name": "Blank",
          "material_selection": 0,
          "material_tint": "#00000000",
          "anchor_min": "0.9877631, 0",
          "anchor_min_render": "0.9877631, 0.2384095",
          "anchor_max": "1, 1",
          "anchor_max_render": "1, 0.8846626",
          "type": "none",
          "data": {},
          "sort_mode": "17",
          "split_mode": "vertical",
          "parent_panel_id": "7dec5f9f-05ea-41ad-84fd-7a2aa976f695"
        },
        {
          "panel_id": "c0c93aff-7d0f-41c5-918a-7a25ac2bc747",
          "name": "",
          "enabled": true,
          "locked": false,
          "rotation": 0,
          "padding": "0, 0, 0, 0",
          "material_name": "Blank",
          "material_selection": 0,
          "material_tint": "#00000000",
          "anchor_min": "0, 0.8846626",
          "anchor_min_render": "0, 0.8846626",
          "anchor_max": "1, 0.9349693",
          "anchor_max_render": "1, 0.9349693",
          "type": "none",
          "data": {},
          "sort_mode": "24",
          "split_mode": "horizontal",
          "parent_panel_id": "00000000-0000-0000-0000-000000000000"
        },
        {
          "panel_id": "d466b2fd-beb3-4129-a7cf-da5e65b08880",
          "name": "",
          "enabled": true,
          "locked": false,
          "rotation": 0,
          "padding": "0, 0, 0, 0",
          "material_name": "Blank",
          "material_selection": 0,
          "material_tint": "#00000000",
          "anchor_min": "0, 0",
          "anchor_min_render": "0, 0.8846626",
          "anchor_max": "0.3231104, 1",
          "anchor_max_render": "0.3231103, 0.9349693",
          "type": "none",
          "data": {},
          "sort_mode": "18",
          "split_mode": "vertical",
          "parent_panel_id": "c0c93aff-7d0f-41c5-918a-7a25ac2bc747"
        },
        {
          "panel_id": "672b8e06-4868-49cd-a4b8-c9f34c7cb619",
          "name": "Quote",
          "enabled": true,
          "locked": false,
          "rotation": 0,
          "padding": "0.05, 0.02, 0.15, 0.04",
          "material_name": "Blank",
          "material_selection": 0,
          "material_tint": "#00000000",
          "anchor_min": "0.3231104, 0",
          "anchor_min_render": "0.3231103, 0.8846626",
          "anchor_max": "0.960411, 1",
          "anchor_max_render": "0.9604109, 0.9349693",
          "type": "text",
          "data": {
            "font_family": "BIOSfontII",
            "font_preferred_size": 12,
            "line_spacing": 1.0,
            "text_anchor": "middlecenter",
            "text": "This is a quote or a little bit of text",
            "color": "#FFFFFFFF",
            "outline_length": 1.0,
            "outline_color": "#FFFFFF00",
            "image_scaling": 1.0,
            "image_offset": "0, 0"
          },
          "sort_mode": "19",
          "split_mode": "vertical",
          "parent_panel_id": "c0c93aff-7d0f-41c5-918a-7a25ac2bc747"
        },
        {
          "panel_id": "dc973042-ec0f-46dc-9f9d-a23bec69b904",
          "name": "",
          "enabled": true,
          "locked": false,
          "rotation": 0,
          "padding": "0, 0, 0, 0",
          "material_name": "Blank",
          "material_selection": 0,
          "material_tint": "#00000000",
          "anchor_min": "0.960411, 0",
          "anchor_min_render": "0.960411, 0.8846626",
          "anchor_max": "1, 1",
          "anchor_max_render": "0.9999999, 0.9349693",
          "type": "none",
          "data": {},
          "sort_mode": "20",
          "split_mode": "vertical",
          "parent_panel_id": "c0c93aff-7d0f-41c5-918a-7a25ac2bc747"
        },
        {
          "panel_id": "7ed06451-61d0-4829-ae23-70ddfecb6ac8",
          "name": "",
          "enabled": true,
          "locked": false,
          "rotation": 0,
          "padding": "0, 0, 0, 0",
          "material_name": "Blank",
          "material_selection": 0,
          "material_tint": "#00000000",
          "anchor_min": "0, 0.9349693",
          "anchor_min_render": "0, 0.9349692",
          "anchor_max": "1, 1",
          "anchor_max_render": "1, 0.9999999",
          "type": "none",
          "data": {},
          "sort_mode": "19",
          "split_mode": "horizontal",
          "parent_panel_id": "00000000-0000-0000-0000-000000000000"
        },
        {
          "panel_id": "ff632ff7-7506-42a8-a389-65b50adb3813",
          "name": "",
          "enabled": true,
          "locked": false,
          "rotation": 0,
          "padding": "0, 0, 0, 0",
          "material_name": "Blank",
          "material_selection": 0,
          "material_tint": "#00000000",
          "anchor_min": "0, 0",
          "anchor_min_render": "0, 0.9349692",
          "anchor_max": "0.3213926, 1",
          "anchor_max_render": "0.3213924, 0.9999999",
          "type": "none",
          "data": {},
          "sort_mode": "21",
          "split_mode": "vertical",
          "parent_panel_id": "7ed06451-61d0-4829-ae23-70ddfecb6ac8"
        },
        {
          "panel_id": "f8dafc3f-40f5-4969-969e-b798bc159d86",
          "name": "Name",
          "enabled": true,
          "locked": false,
          "rotation": 0,
          "padding": "0.35, 0.03, 0.1, 0.03",
          "material_name": "Blank",
          "material_selection": 0,
          "material_tint": "#00000000",
          "anchor_min": "0.3213926, 0",
          "anchor_min_render": "0.3213925, 0.9349692",
          "anchor_max": "0.9672821, 1",
          "anchor_max_render": "0.9672819, 0.9999999",
          "type": "text",
          "data": {
            "font_family": "Rockboxcond12",
            "font_preferred_size": 20,
            "line_spacing": 1.0,
            "text_anchor": "middleleft",
            "text": "Name Here yes yes it goes here and",
            "color": "#FFFFFFFF",
            "outline_length": 1.0,
            "outline_color": "#FFFFFF00",
            "image_scaling": 1.0,
            "image_offset": "0, 0"
          },
          "sort_mode": "22",
          "split_mode": "vertical",
          "parent_panel_id": "7ed06451-61d0-4829-ae23-70ddfecb6ac8"
        },
        {
          "panel_id": "583649b6-20b2-455b-a88c-0654c7b6496b",
          "name": "",
          "enabled": true,
          "locked": false,
          "rotation": 0,
          "padding": "0, 0, 0, 0",
          "material_name": "Blank",
          "material_selection": 0,
          "material_tint": "#00000000",
          "anchor_min": "0.9672821, 0",
          "anchor_min_render": "0.967282, 0.9349692",
          "anchor_max": "1, 1",
          "anchor_max_render": "0.9999999, 0.9999999",
          "type": "none",
          "data": {},
          "sort_mode": "23",
          "split_mode": "vertical",
          "parent_panel_id": "7ed06451-61d0-4829-ae23-70ddfecb6ac8"
        }
      ]
    }
  ],
  "back_layers": [
    {
      "layer_id": "52849609-3f95-497e-a62c-e857508bd6b2",
      "name": "Layer 01 Back",
      "padding": 2.638507E-05,
      "spacing": 0.025,
      "panels": [
        {
          "panel_id": "5bf838dc-f157-45ff-bd87-cf3b6ec37621",
          "name": "",
          "enabled": true,
          "locked": false,
          "rotation": 0,
          "padding": "0, 0, 0, 0",
          "material_name": "Blank",
          "material_selection": 0,
          "material_tint": "#00000000",
          "anchor_min": "0, 0",
          "anchor_min_render": "0, 0",
          "anchor_max": "1, 1",
          "anchor_max_render": "1, 1",
          "type": "image",
          "data": {
            "uri": "%PROJECT%/Base Frames/Image_Base_Fill5.png",
            "mask_uri": "",
            "fit_mode": "fit",
            "zoom": 1.0,
            "offset": "0, 0",
            "tint": "#FFFFFFFF"
          },
          "sort_mode": "24",
          "split_mode": "none",
          "parent_panel_id": "00000000-0000-0000-0000-000000000000"
        }
      ]
    }
  ]
}