{
  "version": 2.12,
  "blueprint_id": "e3974c59-067d-41a3-b4d3-121cc20dc007",
  "name": "Green-Basic",
  "layout_size": "63.5, 88.9",
  "layout_grid_size": "0.232, 0.232",
  "layout_grid_offset": "0, 0",
  "layout_grid_square": false,
  "layout_grid_centered": false,
  "main_panel_id": "ad043c5a-d76a-47df-8fce-27b11de3b05b",
  "front_layers": [
    {
      "layer_id": "bd123d0d-06dd-47fb-b7d5-6ad61ddc80b4",
      "name": "Black Base",
      "padding": 0.0,
      "spacing": 0.0,
      "panels": [
        {
          "panel_id": "ad0643ca-849b-42bb-92a7-6b30b29633ce",
          "name": "",
          "enabled": true,
          "locked": true,
          "rotation": 0,
          "padding": "0, 0, 0, 0",
          "material_name": "Blank",
          "material_selection": 0,
          "material_tint": "#00000000",
          "anchor_min": "0, 0",
          "anchor_min_render": "0, 0",
          "anchor_max": "1, 1",
          "anchor_max_render": "1, 1",
          "type": "image",
          "data": {
            "uri": "%PROJECT%/Base Frames/Base.png",
            "mask_uri": "",
            "fit_mode": "fit",
            "zoom": 1.0,
            "offset": "0, 0",
            "tint": "#FF0000FF"
          },
          "sort_mode": "0",
          "split_mode": "none",
          "parent_panel_id": "00000000-0000-0000-0000-000000000000"
        }
      ]
    },
    {
      "layer_id": "01d31397-fe3c-495f-be17-10bdb29b3bf7",
      "name": "Image Layer",
      "padding": 0.0,
      "spacing": 0.0,
      "panels": [
        {
          "panel_id": "32936a8e-ba3f-4417-835f-d6d8b9801028",
          "name": "Image",
          "enabled": true,
          "locked": false,
          "rotation": 0,
          "padding": "0, 0, 0, 0",
          "material_name": "Blank",
          "material_selection": 0,
          "material_tint": "#00000000",
          "anchor_min": "0, 0",
          "anchor_min_render": "0, 0",
          "anchor_max": "1, 1",
          "anchor_max_render": "1, 1",
          "type": "image",
          "data": {
            "uri": "",
            "mask_uri": "",
            "fit_mode": "fit",
            "zoom": 1.0,
            "offset": "0, 0",
            "tint": "#FFFFFFFF"
          },
          "sort_mode": "1",
          "split_mode": "none",
          "parent_panel_id": "00000000-0000-0000-0000-000000000000"
        }
      ]
    },
    {
      "layer_id": "903e4b0d-7f2f-42c4-a920-1daf6ebba28c",
      "name": "Card Frame",
      "padding": 0.0,
      "spacing": 0.0,
      "panels": [
        {
          "panel_id": "f36ca758-0fa4-4a68-9330-f46597915e4e",
          "name": "",
          "enabled": true,
          "locked": true,
          "rotation": 0,
          "padding": "0, 0, 0, 0",
          "material_name": "Blank",
          "material_selection": 0,
          "material_tint": "#00000000",
          "anchor_min": "0, 0",
          "anchor_min_render": "0, 0",
          "anchor_max": "1, 1",
          "anchor_max_render": "1, 1",
          "type": "image",
          "data": {
            "uri": "%PROJECT%/Base Frames/FrameG.png",
            "mask_uri": "",
            "fit_mode": "fit",
            "zoom": 1.0,
            "offset": "0, 0",
            "tint": "#FFFFFFFF"
          },
          "sort_mode": "2",
          "split_mode": "none",
          "parent_panel_id": "00000000-0000-0000-0000-000000000000"
        }
      ]
    },
    {
      "layer_id": "1e14a225-d24a-4909-b829-abc49f624433",
      "name": "Grid Layer",
      "padding": 0.0,
      "spacing": 0.0,
      "panels": [
        {
          "panel_id": "8a295245-e49f-4e96-ac1b-4058c765e8d0",
          "name": "Grid",
          "enabled": true,
          "locked": false,
          "rotation": 0,
          "padding": "0, 0, 0, 0",
          "material_name": "Blank",
          "material_selection": 0,
          "material_tint": "#00000000",
          "anchor_min": "0, 0",
          "anchor_min_render": "0, 0",
          "anchor_max": "1, 1",
          "anchor_max_render": "1, 1",
          "type": "image",
          "data": {
            "uri": "%PROJECT%/Attack_Grids/Attack Grid Base.png",
            "mask_uri": "",
            "fit_mode": "fit",
            "zoom": 1.0,
            "offset": "0, 0",
            "tint": "#FFFFFFFF"
          },
          "sort_mode": "3",
          "split_mode": "none",
          "parent_panel_id": "00000000-0000-0000-0000-000000000000"
        }
      ]
    },
    {
      "layer_id": "f78b71e4-993c-4785-80ad-d7aa50b6e234",
      "name": "Stats Layer",
      "padding": 0.0,
      "spacing": 0.0,
      "panels": [
        {
          "panel_id": "0f786b2c-be8c-45f5-95a6-1e1330f5701a",
          "name": "",
          "enabled": true,
          "locked": false,
          "rotation": 0,
          "padding": "0, 0, 0, 0",
          "material_name": "Blank",
          "material_selection": 0,
          "material_tint": "#00000000",
          "anchor_min": "0, 0",
          "anchor_min_render": "0, 0",
          "anchor_max": "1, 0.2220859",
          "anchor_max_render": "1, 0.2220859",
          "type": "none",
          "data": {},
          "sort_mode": "4",
          "split_mode": "horizontal",
          "parent_panel_id": "00000000-0000-0000-0000-000000000000"
        },
        {
          "panel_id": "8a24d351-6a04-4293-9d36-b305b8de3524",
          "name": "",
          "enabled": true,
          "locked": false,
          "rotation": 0,
          "padding": "0, 0, 0, 0",
          "material_name": "Blank",
          "material_selection": 0,
          "material_tint": "#00000000",
          "anchor_min": "0, 0.2220859",
          "anchor_min_render": "0, 0.2220859",
          "anchor_max": "1, 0.395092",
          "anchor_max_render": "1, 0.395092",
          "type": "none",
          "data": {},
          "sort_mode": "7",
          "split_mode": "horizontal",
          "parent_panel_id": "00000000-0000-0000-0000-000000000000"
        },
        {
          "panel_id": "f9b6665e-7d8a-4611-86be-9c0591947843",
          "name": "",
          "enabled": true,
          "locked": false,
          "rotation": 0,
          "padding": "0, 0, 0, 0",
          "material_name": "Blank",
          "material_selection": 0,
          "material_tint": "#00000000",
          "anchor_min": "0, 0",
          "anchor_min_render": "1.048457E-07, 0.2220859",
          "anchor_max": "0.1650735, 1",
          "anchor_max_render": "0.1650737, 0.395092",
          "type": "none",
          "data": {},
          "sort_mode": "5",
          "split_mode": "vertical",
          "parent_panel_id": "8a24d351-6a04-4293-9d36-b305b8de3524"
        },
        {
          "panel_id": "3e33a273-b72f-4cb5-a340-45e5c5b150b6",
          "name": "Magic",
          "enabled": true,
          "locked": false,
          "rotation": 0,
          "padding": "0.1, 0.08, 0.1, 0.08",
          "material_name": "Blank",
          "material_selection": 0,
          "material_tint": "#00000000",
          "anchor_min": "0.1650735, 0",
          "anchor_min_render": "0.1650735, 0.2220859",
          "anchor_max": "0.3866687, 1",
          "anchor_max_render": "0.3866688, 0.395092",
          "type": "text",
          "data": {
            "font_family": "BIOSfontII",
            "font_preferred_size": 48,
            "line_spacing": 1.0,
            "text_anchor": "middlecenter",
            "text": "99",
            "color": "#FFFFFFFF",
            "outline_length": 1.0,
            "outline_color": "#FFFFFF00",
            "image_scaling": 1.0,
            "image_offset": "0, 0"
          },
          "sort_mode": "6",
          "split_mode": "vertical",
          "parent_panel_id": "8a24d351-6a04-4293-9d36-b305b8de3524"
        },
        {
          "panel_id": "eb7ba227-b06f-4bc0-aa4d-bf9d31e99e30",
          "name": "",
          "enabled": true,
          "locked": false,
          "rotation": 0,
          "padding": "0, 0, 0, 0",
          "material_name": "Blank",
          "material_selection": 0,
          "material_tint": "#00000000",
          "anchor_min": "0.3866687, 0",
          "anchor_min_render": "0.3866687, 0.2220859",
          "anchor_max": "0.6134171, 1",
          "anchor_max_render": "0.6134173, 0.395092",
          "type": "none",
          "data": {},
          "sort_mode": "7",
          "split_mode": "vertical",
          "parent_panel_id": "8a24d351-6a04-4293-9d36-b305b8de3524"
        },
        {
          "panel_id": "ca276307-2759-47bf-90a7-519f4d20cb85",
          "name": "Spirit",
          "enabled": true,
          "locked": false,
          "rotation": 0,
          "padding": "0.1, 0.08, 0.1, 0.08",
          "material_name": "Blank",
          "material_selection": 0,
          "material_tint": "#00000000",
          "anchor_min": "0.6134171, 0",
          "anchor_min_render": "0.6134171, 0.2220859",
          "anchor_max": "0.8384477, 1",
          "anchor_max_render": "0.8384479, 0.395092",
          "type": "text",
          "data": {
            "font_family": "BIOSfontII",
            "font_preferred_size": 48,
            "line_spacing": 1.0,
            "text_anchor": "middlecenter",
            "text": "99",
            "color": "#FFFFFFFF",
            "outline_length": 1.0,
            "outline_color": "#FFFFFF00",
            "image_scaling": 1.0,
            "image_offset": "0, 0"
          },
          "sort_mode": "8",
          "split_mode": "vertical",
          "parent_panel_id": "8a24d351-6a04-4293-9d36-b305b8de3524"
        },
        {
          "panel_id": "e5570e76-ba97-432e-83f8-d4587ca5a973",
          "name": "",
          "enabled": true,
          "locked": false,
          "rotation": 0,
          "padding": "0, 0, 0, 0",
          "material_name": "Blank",
          "material_selection": 0,
          "material_tint": "#00000000",
          "anchor_min": "0.8384477, 0",
          "anchor_min_render": "0.8384476, 0.2220859",
          "anchor_max": "1, 1",
          "anchor_max_render": "1, 0.395092",
          "type": "none",
          "data": {},
          "sort_mode": "9",
          "split_mode": "vertical",
          "parent_panel_id": "8a24d351-6a04-4293-9d36-b305b8de3524"
        },
        {
          "panel_id": "12924392-d59d-416e-b9ef-0c9c372d1135",
          "name": "",
          "enabled": true,
          "locked": false,
          "rotation": 0,
          "padding": "0, 0, 0, 0",
          "material_name": "Blank",
          "material_selection": 0,
          "material_tint": "#00000000",
          "anchor_min": "0, 0.395092",
          "anchor_min_render": "0, 0.395092",
          "anchor_max": "1, 1",
          "anchor_max_render": "1, 1",
          "type": "none",
          "data": {},
          "sort_mode": "5",
          "split_mode": "horizontal",
          "parent_panel_id": "00000000-0000-0000-0000-000000000000"
        },
        {
          "panel_id": "d81a46b7-b4db-418d-9ef5-4bc8989816f7",
          "name": "",
          "enabled": true,
          "locked": false,
          "rotation": 0,
          "padding": "0, 0, 0, 0",
          "material_name": "Blank",
          "material_selection": 0,
          "material_tint": "#00000000",
          "anchor_min": "0, 0",
          "anchor_min_render": "0, 0.395092",
          "anchor_max": "0.2578343, 1",
          "anchor_max_render": "0.2578343, 1",
          "type": "none",
          "data": {},
          "sort_mode": "5",
          "split_mode": "vertical",
          "parent_panel_id": "12924392-d59d-416e-b9ef-0c9c372d1135"
        },
        {
          "panel_id": "155e3c06-1306-4f74-97f4-e424e37b6ea7",
          "name": "",
          "enabled": true,
          "locked": false,
          "rotation": 0,
          "padding": "0, 0, 0, 0",
          "material_name": "Blank",
          "material_selection": 0,
          "material_tint": "#00000000",
          "anchor_min": "0, 0",
          "anchor_min_render": "0, 0.395092",
          "anchor_max": "1, 0.693712",
          "anchor_max_render": "0.2578343, 0.8147239",
          "type": "none",
          "data": {},
          "sort_mode": "10",
          "split_mode": "horizontal",
          "parent_panel_id": "d81a46b7-b4db-418d-9ef5-4bc8989816f7"
        },
        {
          "panel_id": "9b921a2b-9f11-450f-a48f-7e36429f575b",
          "name": "Pip Cost",
          "enabled": true,
          "locked": false,
          "rotation": 0,
          "padding": "0.15, 0.05, 0.15, 0.1",
          "material_name": "Blank",
          "material_selection": 0,
          "material_tint": "#00000000",
          "anchor_min": "0, 0.693712",
          "anchor_min_render": "0, 0.8147239",
          "anchor_max": "1, 1",
          "anchor_max_render": "0.2578343, 1",
          "type": "text",
          "data": {
            "font_family": "BIOSfontII",
            "font_preferred_size": 36,
            "line_spacing": 1.0,
            "text_anchor": "middlecenter",
            "text": "0",
            "color": "#FFFFFFFF",
            "outline_length": 1.0,
            "outline_color": "#FFFFFF00",
            "image_scaling": 1.0,
            "image_offset": "0, 0"
          },
          "sort_mode": "11",
          "split_mode": "horizontal",
          "parent_panel_id": "d81a46b7-b4db-418d-9ef5-4bc8989816f7"
        },
        {
          "panel_id": "df27dd1e-7217-4f17-a2d5-c79bf4ef0306",
          "name": "",
          "enabled": true,
          "locked": false,
          "rotation": 0,
          "padding": "0, 0, 0, 0",
          "material_name": "Blank",
          "material_selection": 0,
          "material_tint": "#00000000",
          "anchor_min": "0.2578343, 0",
          "anchor_min_render": "0.2578343, 0.395092",
          "anchor_max": "1, 1",
          "anchor_max_render": "1, 1",
          "type": "none",
          "data": {},
          "sort_mode": "12",
          "split_mode": "vertical",
          "parent_panel_id": "12924392-d59d-416e-b9ef-0c9c372d1135"
        }
      ]
    },
    {
      "layer_id": "810a6686-76b8-4ae2-b995-51a1b98e4314",
      "name": "Text Layers",
      "padding": 0.0,
      "spacing": 0.0,
      "panels": [
        {
          "panel_id": "06f283df-39fd-49c3-969e-b3a2ab61bde6",
          "name": "",
          "enabled": true,
          "locked": false,
          "rotation": 0,
          "padding": "0, 0, 0, 0",
          "material_name": "Blank",
          "material_selection": 0,
          "material_tint": "#00000000",
          "anchor_min": "0, 0",
          "anchor_min_render": "0, 0",
          "anchor_max": "1, 0.02699387",
          "anchor_max_render": "1, 0.02699387",
          "type": "none",
          "data": {},
          "sort_mode": "13",
          "split_mode": "horizontal",
          "parent_panel_id": "00000000-0000-0000-0000-000000000000"
        },
        {
          "panel_id": "d0e66411-570d-461d-82e8-ebcd8ce2dab9",
          "name": "Effect",
          "enabled": true,
          "locked": false,
          "rotation": 0,
          "padding": "0.15, 0.11, 0.2, 0.11",
          "material_name": "Blank",
          "material_selection": 0,
          "material_tint": "#00000000",
          "anchor_min": "0, 0.02699387",
          "anchor_min_render": "0, 0.02699387",
          "anchor_max": "1, 0.2196319",
          "anchor_max_render": "1, 0.2196319",
          "type": "text",
          "data": {
            "font_family": "BIOSfontII",
            "font_preferred_size": 12,
            "line_spacing": 1.0,
            "text_anchor": "upperleft",
            "text": "This is a cards effect text. Each card is allowed up two effects that they can use, one Passive effect, that last while the card is on the field, and an active effect, which works by taking the effect action. ",
            "color": "#FFFFFFFF",
            "outline_length": 1.0,
            "outline_color": "#FFFFFF00",
            "image_scaling": 1.0,
            "image_offset": "0, 0"
          },
          "sort_mode": "14",
          "split_mode": "horizontal",
          "parent_panel_id": "00000000-0000-0000-0000-000000000000"
        },
        {
          "panel_id": "86c5cbfe-84f8-4088-8f7d-57e9932d86c9",
          "name": "",
          "enabled": true,
          "locked": false,
          "rotation": 0,
          "padding": "0, 0, 0, 0",
          "material_name": "Blank",
          "material_selection": 0,
          "material_tint": "#00000000",
          "anchor_min": "0, 0.2196319",
          "anchor_min_render": "0, 0.2196319",
          "anchor_max": "1, 0.8846626",
          "anchor_max_render": "1, 0.8846626",
          "type": "none",
          "data": {},
          "sort_mode": "15",
          "split_mode": "horizontal",
          "parent_panel_id": "00000000-0000-0000-0000-000000000000"
        },
        {
          "panel_id": "c6d893a3-f7ac-4d1f-b3fe-7165d0ab7a90",
          "name": "",
          "enabled": true,
          "locked": false,
          "rotation": 0,
          "padding": "0, 0, 0, 0",
          "material_name": "Blank",
          "material_selection": 0,
          "material_tint": "#00000000",
          "anchor_min": "0, 0.8846626",
          "anchor_min_render": "0, 0.8846626",
          "anchor_max": "1, 0.9349693",
          "anchor_max_render": "1, 0.9349692",
          "type": "none",
          "data": {},
          "sort_mode": "24",
          "split_mode": "horizontal",
          "parent_panel_id": "00000000-0000-0000-0000-000000000000"
        },
        {
          "panel_id": "35faf923-4ca8-4565-8148-ef953e31a374",
          "name": "",
          "enabled": true,
          "locked": false,
          "rotation": 0,
          "padding": "0, 0, 0, 0",
          "material_name": "Blank",
          "material_selection": 0,
          "material_tint": "#00000000",
          "anchor_min": "0, 0",
          "anchor_min_render": "0, 0.8846626",
          "anchor_max": "0.3231104, 1",
          "anchor_max_render": "0.3231105, 0.9349692",
          "type": "none",
          "data": {},
          "sort_mode": "16",
          "split_mode": "vertical",
          "parent_panel_id": "c6d893a3-f7ac-4d1f-b3fe-7165d0ab7a90"
        },
        {
          "panel_id": "6bc04335-239b-4f24-b753-7d4bdb96f4ca",
          "name": "Quote",
          "enabled": true,
          "locked": false,
          "rotation": 0,
          "padding": "0.05, 0.03, 0.15, 0.04",
          "material_name": "Blank",
          "material_selection": 0,
          "material_tint": "#00000000",
          "anchor_min": "0.3231104, 0",
          "anchor_min_render": "0.3231104, 0.8846626",
          "anchor_max": "0.960411, 1",
          "anchor_max_render": "0.9604111, 0.9349692",
          "type": "text",
          "data": {
            "font_family": "BIOSfontII",
            "font_preferred_size": 12,
            "line_spacing": 1.0,
            "text_anchor": "middlecenter",
            "text": "This is a quote or a little bit of flavor text!",
            "color": "#FFFFFFFF",
            "outline_length": 1.0,
            "outline_color": "#FFFFFF00",
            "image_scaling": 1.0,
            "image_offset": "0, 0"
          },
          "sort_mode": "17",
          "split_mode": "vertical",
          "parent_panel_id": "c6d893a3-f7ac-4d1f-b3fe-7165d0ab7a90"
        },
        {
          "panel_id": "ed8658bd-6500-4c00-9d0c-9568bc8ea795",
          "name": "",
          "enabled": true,
          "locked": false,
          "rotation": 0,
          "padding": "0, 0, 0, 0",
          "material_name": "Blank",
          "material_selection": 0,
          "material_tint": "#00000000",
          "anchor_min": "0.960411, 0",
          "anchor_min_render": "0.960411, 0.8846626",
          "anchor_max": "1, 1",
          "anchor_max_render": "1, 0.9349692",
          "type": "none",
          "data": {},
          "sort_mode": "18",
          "split_mode": "vertical",
          "parent_panel_id": "c6d893a3-f7ac-4d1f-b3fe-7165d0ab7a90"
        },
        {
          "panel_id": "899f771f-f9f2-4647-9536-50d2a326e99e",
          "name": "",
          "enabled": true,
          "locked": false,
          "rotation": 0,
          "padding": "0, 0, 0, 0",
          "material_name": "Blank",
          "material_selection": 0,
          "material_tint": "#00000000",
          "anchor_min": "0, 0.9349693",
          "anchor_min_render": "0, 0.9349693",
          "anchor_max": "1, 1",
          "anchor_max_render": "1, 1",
          "type": "none",
          "data": {},
          "sort_mode": "19",
          "split_mode": "horizontal",
          "parent_panel_id": "00000000-0000-0000-0000-000000000000"
        },
        {
          "panel_id": "955fe618-b2c1-46fc-a752-19596dfbd009",
          "name": "",
          "enabled": true,
          "locked": false,
          "rotation": 0,
          "padding": "0, 0, 0, 0",
          "material_name": "Blank",
          "material_selection": 0,
          "material_tint": "#00000000",
          "anchor_min": "0, 0",
          "anchor_min_render": "0, 0.9349693",
          "anchor_max": "0.3213926, 1",
          "anchor_max_render": "0.3213927, 1",
          "type": "none",
          "data": {},
          "sort_mode": "19",
          "split_mode": "vertical",
          "parent_panel_id": "899f771f-f9f2-4647-9536-50d2a326e99e"
        },
        {
          "panel_id": "ad043c5a-d76a-47df-8fce-27b11de3b05b",
          "name": "Name",
          "enabled": true,
          "locked": false,
          "rotation": 0,
          "padding": "0.25, 0.03, 0.1, 0.03",
          "material_name": "Blank",
          "material_selection": 0,
          "material_tint": "#00000000",
          "anchor_min": "0.3213926, 0",
          "anchor_min_render": "0.3213926, 0.9349693",
          "anchor_max": "0.9672821, 1",
          "anchor_max_render": "0.9672823, 1",
          "type": "text",
          "data": {
            "font_family": "Rockboxcond12",
            "font_preferred_size": 20,
            "line_spacing": 1.0,
            "text_anchor": "middlecenter",
            "text": "This is a test of a cards longest possible name.",
            "color": "#FFFFFFFF",
            "outline_length": 1.0,
            "outline_color": "#FFFFFF00",
            "image_scaling": 1.0,
            "image_offset": "0, 0"
          },
          "sort_mode": "20",
          "split_mode": "vertical",
          "parent_panel_id": "899f771f-f9f2-4647-9536-50d2a326e99e"
        },
        {
          "panel_id": "b99ceaef-ddb8-4fcb-aaec-7300597c5fe0",
          "name": "",
          "enabled": true,
          "locked": false,
          "rotation": 0,
          "padding": "0, 0, 0, 0",
          "material_name": "Blank",
          "material_selection": 0,
          "material_tint": "#00000000",
          "anchor_min": "0.9672821, 0",
          "anchor_min_render": "0.9672822, 0.9349693",
          "anchor_max": "1, 1",
          "anchor_max_render": "1, 1",
          "type": "none",
          "data": {},
          "sort_mode": "21",
          "split_mode": "vertical",
          "parent_panel_id": "899f771f-f9f2-4647-9536-50d2a326e99e"
        }
      ]
    }
  ],
  "back_layers": [
    {
      "layer_id": "8c35609e-548c-404c-b4fc-73af63834cf8",
      "name": "Layer 01 Back",
      "padding": 2.638507E-05,
      "spacing": 0.025,
      "panels": [
        {
          "panel_id": "e6d6f406-4ef6-4172-a1cc-14bd079d3e7d",
          "name": "",
          "enabled": true,
          "locked": false,
          "rotation": 0,
          "padding": "0, 0, 0, 0",
          "material_name": "Blank",
          "material_selection": 0,
          "material_tint": "#00000000",
          "anchor_min": "0, 0",
          "anchor_min_render": "0, 0",
          "anchor_max": "1, 1",
          "anchor_max_render": "1, 1",
          "type": "image",
          "data": {
            "uri": "%PROJECT%/Base Frames/Image_Base_Fill5.png",
            "mask_uri": "",
            "fit_mode": "fit",
            "zoom": 1.0,
            "offset": "0, 0",
            "tint": "#FFFFFFFF"
          },
          "sort_mode": "22",
          "split_mode": "none",
          "parent_panel_id": "00000000-0000-0000-0000-000000000000"
        }
      ]
    }
  ]
}