{
  "version": 2.12,
  "blueprint_id": "6e3ef049-3b4c-4a2d-95e1-0e5e6de420f5",
  "name": "Heart_M",
  "layout_size": "63.5, 88.9",
  "layout_grid_size": "0.2183248, 0.2183248",
  "layout_grid_offset": "0, 0",
  "layout_grid_square": false,
  "layout_grid_centered": false,
  "main_panel_id": "00000000-0000-0000-0000-000000000000",
  "front_layers": [
    {
      "layer_id": "c275ef94-3e68-40d5-a969-0ce6a083d73f",
      "name": "Black Base",
      "padding": 0.0,
      "spacing": 0.0,
      "panels": [
        {
          "panel_id": "263e7147-bafa-4bb4-90d4-3837d0d396b6",
          "name": "",
          "enabled": true,
          "locked": true,
          "rotation": 0,
          "padding": "0, 0, 0, 0",
          "material_name": "Blank",
          "material_selection": 0,
          "material_tint": "#00000000",
          "anchor_min": "0, 0",
          "anchor_min_render": "0, 0",
          "anchor_max": "1, 1",
          "anchor_max_render": "1, 1",
          "type": "image",
          "data": {
            "uri": "%PROJECT%/Base Frames/Base.png",
            "mask_uri": "",
            "fit_mode": "fit",
            "zoom": 1.0,
            "offset": "0, 0",
            "tint": "#FF0000FF"
          },
          "sort_mode": "0",
          "split_mode": "none",
          "parent_panel_id": "00000000-0000-0000-0000-000000000000"
        }
      ]
    },
    {
      "layer_id": "c0c90e0d-89aa-44c8-af7d-75c44a1aba1e",
      "name": "Image Layer",
      "padding": 0.0,
      "spacing": 0.0,
      "panels": [
        {
          "panel_id": "cd6358b2-d998-47a4-a82a-50c00539df37",
          "name": "Image",
          "enabled": true,
          "locked": false,
          "rotation": 0,
          "padding": "0, 0, 0, 0",
          "material_name": "Blank",
          "material_selection": 0,
          "material_tint": "#00000000",
          "anchor_min": "0, 0",
          "anchor_min_render": "0, 0",
          "anchor_max": "1, 1",
          "anchor_max_render": "1, 1",
          "type": "image",
          "data": {
            "uri": "",
            "mask_uri": "",
            "fit_mode": "fit",
            "zoom": 1.0,
            "offset": "0, 0",
            "tint": "#FFFFFFFF"
          },
          "sort_mode": "1",
          "split_mode": "none",
          "parent_panel_id": "00000000-0000-0000-0000-000000000000"
        }
      ]
    },
    {
      "layer_id": "1505097b-6b5d-4822-8af0-7a848f623942",
      "name": "Card Frame",
      "padding": 0.0,
      "spacing": 0.0,
      "panels": [
        {
          "panel_id": "b95fe632-07cc-4c7c-8ec2-0271b18c4587",
          "name": "",
          "enabled": true,
          "locked": true,
          "rotation": 0,
          "padding": "0, 0, 0, 0",
          "material_name": "Blank",
          "material_selection": 0,
          "material_tint": "#00000000",
          "anchor_min": "0, 0",
          "anchor_min_render": "0, 0",
          "anchor_max": "1, 1",
          "anchor_max_render": "1, 1",
          "type": "image",
          "data": {
            "uri": "%PROJECT%/Base Frames/Heart_M.png",
            "mask_uri": "",
            "fit_mode": "fit",
            "zoom": 1.0,
            "offset": "0, 0",
            "tint": "#FFFFFFFF"
          },
          "sort_mode": "2",
          "split_mode": "none",
          "parent_panel_id": "00000000-0000-0000-0000-000000000000"
        }
      ]
    },
    {
      "layer_id": "898bd969-5c4f-4c35-9b98-dfdcaa29709b",
      "name": "Attack Grid",
      "padding": 0.0,
      "spacing": 0.0,
      "panels": [
        {
          "panel_id": "166c18b1-cde7-4a56-8f24-b86df6d6baf0",
          "name": "",
          "enabled": true,
          "locked": false,
          "rotation": 0,
          "padding": "0, 0, 0, 0",
          "material_name": "Blank",
          "material_selection": 0,
          "material_tint": "#00000000",
          "anchor_min": "0, 0",
          "anchor_min_render": "0, 0",
          "anchor_max": "1, 1",
          "anchor_max_render": "1, 1",
          "type": "image",
          "data": {
            "uri": "%PROJECT%/Base_Pixel_Cards_1_5th_size.png",
            "mask_uri": "",
            "fit_mode": "fit",
            "zoom": 1.0,
            "offset": "0, 0",
            "tint": "#FFFFFFFF"
          },
          "sort_mode": "3",
          "split_mode": "none",
          "parent_panel_id": "00000000-0000-0000-0000-000000000000"
        }
      ]
    },
    {
      "layer_id": "98d5e6c3-9db0-4e1c-8400-9f76533f133d",
      "name": "Stats Layer",
      "padding": 0.0,
      "spacing": 0.0,
      "panels": [
        {
          "panel_id": "fbca1271-f93b-4976-8e33-6de6c01f02e4",
          "name": "",
          "enabled": true,
          "locked": false,
          "rotation": 0,
          "padding": "0, 0, 0, 0",
          "material_name": "Blank",
          "material_selection": 0,
          "material_tint": "#00000000",
          "anchor_min": "0, 0",
          "anchor_min_render": "0, 3.694309E-08",
          "anchor_max": "1, 0.002590674",
          "anchor_max_render": "1, 0.002590708",
          "type": "none",
          "data": {},
          "sort_mode": "4",
          "split_mode": "horizontal",
          "parent_panel_id": "00000000-0000-0000-0000-000000000000"
        },
        {
          "panel_id": "95329445-9c3e-46bc-80b9-1918e37ffba0",
          "name": "",
          "enabled": true,
          "locked": false,
          "rotation": 0,
          "padding": "0, 0, 0, 0",
          "material_name": "Blank",
          "material_selection": 0,
          "material_tint": "#00000000",
          "anchor_min": "0, 0.002590674",
          "anchor_min_render": "0, 0.002590634",
          "anchor_max": "1, 0.2512953",
          "anchor_max_render": "1, 0.2512953",
          "type": "none",
          "data": {},
          "sort_mode": "5",
          "split_mode": "horizontal",
          "parent_panel_id": "00000000-0000-0000-0000-000000000000"
        },
        {
          "panel_id": "5f9523b0-ec1c-45a3-abb2-8d5b18e6b565",
          "name": "",
          "enabled": true,
          "locked": false,
          "rotation": 0,
          "padding": "0, 0, 0, 0",
          "material_name": "Blank",
          "material_selection": 0,
          "material_tint": "#00000000",
          "anchor_min": "0, 0.2512953",
          "anchor_min_render": "0, 0.2512953",
          "anchor_max": "1, 1",
          "anchor_max_render": "1, 1",
          "type": "none",
          "data": {},
          "sort_mode": "5",
          "split_mode": "horizontal",
          "parent_panel_id": "00000000-0000-0000-0000-000000000000"
        },
        {
          "panel_id": "60c2c127-f674-4f61-96d8-0d40f33311c3",
          "name": "",
          "enabled": true,
          "locked": false,
          "rotation": 0,
          "padding": "0, 0, 0, 0",
          "material_name": "Blank",
          "material_selection": 0,
          "material_tint": "#00000000",
          "anchor_min": "0, 0",
          "anchor_min_render": "0, 0.2512953",
          "anchor_max": "0.2799956, 1",
          "anchor_max_render": "0.2799956, 1",
          "type": "none",
          "data": {},
          "sort_mode": "5",
          "split_mode": "vertical",
          "parent_panel_id": "5f9523b0-ec1c-45a3-abb2-8d5b18e6b565"
        },
        {
          "panel_id": "af89bf1d-720a-44bd-b410-6c6a44d1b111",
          "name": "",
          "enabled": true,
          "locked": false,
          "rotation": 0,
          "padding": "0, 0, 0, 0",
          "material_name": "Blank",
          "material_selection": 0,
          "material_tint": "#00000000",
          "anchor_min": "0, 0",
          "anchor_min_render": "0, 0.2512953",
          "anchor_max": "1, 0.2064591",
          "anchor_max_render": "0.2799956, 0.4058723",
          "type": "none",
          "data": {},
          "sort_mode": "14",
          "split_mode": "horizontal",
          "parent_panel_id": "60c2c127-f674-4f61-96d8-0d40f33311c3"
        },
        {
          "panel_id": "e49a891a-b291-4ddd-9757-4d3bc10e8ffb",
          "name": "",
          "enabled": true,
          "locked": false,
          "rotation": 0,
          "padding": "0, 0, 0, 0",
          "material_name": "Blank",
          "material_selection": 0,
          "material_tint": "#00000000",
          "anchor_min": "0, 0",
          "anchor_min_render": "0, 0.2512953",
          "anchor_max": "0.1858356, 1",
          "anchor_max_render": "0.05203313, 0.4058723",
          "type": "none",
          "data": {},
          "sort_mode": "6",
          "split_mode": "vertical",
          "parent_panel_id": "af89bf1d-720a-44bd-b410-6c6a44d1b111"
        },
        {
          "panel_id": "e4d20e44-06e1-4265-aa75-5e4122d0edaa",
          "name": "",
          "enabled": true,
          "locked": false,
          "rotation": 0,
          "padding": "0, 0, 0, 0",
          "material_name": "Blank",
          "material_selection": 0,
          "material_tint": "#00000000",
          "anchor_min": "0.1858356, 0",
          "anchor_min_render": "0.05203313, 0.2512953",
          "anchor_max": "1, 1",
          "anchor_max_render": "0.2799956, 0.4058723",
          "type": "text",
          "data": {
            "font_family": "BIOSfontII",
            "font_preferred_size": 48,
            "line_spacing": 1.0,
            "text_anchor": "middlecenter",
            "text": "99",
            "color": "#FFFFFFFF",
            "outline_length": 1.0,
            "outline_color": "#FFFFFF00",
            "image_scaling": 1.0,
            "image_offset": "0, 0"
          },
          "sort_mode": "7",
          "split_mode": "vertical",
          "parent_panel_id": "af89bf1d-720a-44bd-b410-6c6a44d1b111"
        },
        {
          "panel_id": "46ad3e8a-c9ef-406b-bf5e-50a387993b43",
          "name": "",
          "enabled": true,
          "locked": false,
          "rotation": 0,
          "padding": "0, 0, 0, 0",
          "material_name": "Blank",
          "material_selection": 0,
          "material_tint": "#00000000",
          "anchor_min": "0, 0.2064591",
          "anchor_min_render": "0, 0.4058723",
          "anchor_max": "1, 0.432526",
          "anchor_max_render": "0.2799956, 0.5751296",
          "type": "none",
          "data": {},
          "sort_mode": "8",
          "split_mode": "horizontal",
          "parent_panel_id": "60c2c127-f674-4f61-96d8-0d40f33311c3"
        },
        {
          "panel_id": "3ebf9cfa-8824-43fd-83ef-b8ec404f0147",
          "name": "",
          "enabled": true,
          "locked": false,
          "rotation": 0,
          "padding": "0, 0, 0, 0",
          "material_name": "Blank",
          "material_selection": 0,
          "material_tint": "#00000000",
          "anchor_min": "0, 0.432526",
          "anchor_min_render": "0, 0.5751295",
          "anchor_max": "1, 0.6378316",
          "anchor_max_render": "0.2799956, 0.7288429",
          "type": "none",
          "data": {},
          "sort_mode": "11",
          "split_mode": "horizontal",
          "parent_panel_id": "60c2c127-f674-4f61-96d8-0d40f33311c3"
        },
        {
          "panel_id": "c544238a-e287-437c-a994-f5ae11916ca7",
          "name": "",
          "enabled": true,
          "locked": false,
          "rotation": 0,
          "padding": "0, 0, 0, 0",
          "material_name": "Blank",
          "material_selection": 0,
          "material_tint": "#00000000",
          "anchor_min": "0, 0",
          "anchor_min_render": "0, 0.5751295",
          "anchor_max": "0.181573, 1",
          "anchor_max_render": "0.05083963, 0.7288429",
          "type": "none",
          "data": {},
          "sort_mode": "9",
          "split_mode": "vertical",
          "parent_panel_id": "3ebf9cfa-8824-43fd-83ef-b8ec404f0147"
        },
        {
          "panel_id": "b9327122-25b3-43b3-ad82-02cb42c1e99a",
          "name": "",
          "enabled": true,
          "locked": false,
          "rotation": 0,
          "padding": "0, 0, 0, 0",
          "material_name": "Blank",
          "material_selection": 0,
          "material_tint": "#00000000",
          "anchor_min": "0.181573, 0",
          "anchor_min_render": "0.05083963, 0.5751295",
          "anchor_max": "1, 1",
          "anchor_max_render": "0.2799956, 0.7288429",
          "type": "text",
          "data": {
            "font_family": "BIOSfontII",
            "font_preferred_size": 48,
            "line_spacing": 1.0,
            "text_anchor": "middlecenter",
            "text": "99",
            "color": "#FFFFFFFF",
            "outline_length": 1.0,
            "outline_color": "#FFFFFF00",
            "image_scaling": 1.0,
            "image_offset": "0, 0"
          },
          "sort_mode": "10",
          "split_mode": "vertical",
          "parent_panel_id": "3ebf9cfa-8824-43fd-83ef-b8ec404f0147"
        },
        {
          "panel_id": "8961c298-8ffe-441b-8434-4071e5bc0b59",
          "name": "",
          "enabled": true,
          "locked": false,
          "rotation": 0,
          "padding": "0, 0, 0, 0",
          "material_name": "Blank",
          "material_selection": 0,
          "material_tint": "#00000000",
          "anchor_min": "0, 0.6378316",
          "anchor_min_render": "0, 0.7288429",
          "anchor_max": "1, 0.7585034",
          "anchor_max_render": "0.2799956, 0.8191904",
          "type": "none",
          "data": {},
          "sort_mode": "11",
          "split_mode": "horizontal",
          "parent_panel_id": "60c2c127-f674-4f61-96d8-0d40f33311c3"
        },
        {
          "panel_id": "5aaa42b2-5d71-46a1-b399-a939e8974d64",
          "name": "Pip Cost",
          "enabled": true,
          "locked": false,
          "rotation": 0,
          "padding": "0.15, 0.15, 0.15, 0.1",
          "material_name": "Blank",
          "material_selection": 0,
          "material_tint": "#00000000",
          "anchor_min": "0, 0.7585034",
          "anchor_min_render": "0, 0.8191903",
          "anchor_max": "1, 1",
          "anchor_max_render": "0.2799956, 1",
          "type": "text",
          "data": {
            "font_family": "BIOSfontII",
            "font_preferred_size": 36,
            "line_spacing": 1.0,
            "text_anchor": "middlecenter",
            "text": "10",
            "color": "#FFFFFFFF",
            "outline_length": 1.0,
            "outline_color": "#FFFFFF00",
            "image_scaling": 1.0,
            "image_offset": "0, 0"
          },
          "sort_mode": "12",
          "split_mode": "horizontal",
          "parent_panel_id": "60c2c127-f674-4f61-96d8-0d40f33311c3"
        },
        {
          "panel_id": "0f1e4f13-df23-4836-891c-1ea2b6fe6328",
          "name": "",
          "enabled": true,
          "locked": false,
          "rotation": 0,
          "padding": "0, 0, 0, 0",
          "material_name": "Blank",
          "material_selection": 0,
          "material_tint": "#00000000",
          "anchor_min": "0.2799956, 0",
          "anchor_min_render": "0.2799956, 0.2512953",
          "anchor_max": "1, 1",
          "anchor_max_render": "1, 1",
          "type": "none",
          "data": {},
          "sort_mode": "13",
          "split_mode": "vertical",
          "parent_panel_id": "5f9523b0-ec1c-45a3-abb2-8d5b18e6b565"
        }
      ]
    },
    {
      "layer_id": "30c45619-f432-4819-957e-c0fe3e147e87",
      "name": "Text Layers",
      "padding": 0.0,
      "spacing": 0.0,
      "panels": [
        {
          "panel_id": "b006f630-11a8-4d62-819d-08e8f0bfd864",
          "name": "",
          "enabled": true,
          "locked": false,
          "rotation": 0,
          "padding": "0, 0, 0, 0",
          "material_name": "Blank",
          "material_selection": 0,
          "material_tint": "#00000000",
          "anchor_min": "0, 0",
          "anchor_min_render": "0, 0",
          "anchor_max": "1, 0.02699387",
          "anchor_max_render": "1, 0.02699387",
          "type": "none",
          "data": {},
          "sort_mode": "14",
          "split_mode": "horizontal",
          "parent_panel_id": "00000000-0000-0000-0000-000000000000"
        },
        {
          "panel_id": "c168cd22-38df-40cd-aa0f-4957bf872156",
          "name": "Effect",
          "enabled": true,
          "locked": false,
          "rotation": 0,
          "padding": "0.15, 0.11, 0.2, 0.11",
          "material_name": "Blank",
          "material_selection": 0,
          "material_tint": "#00000000",
          "anchor_min": "0, 0.02699387",
          "anchor_min_render": "0, 0.02699391",
          "anchor_max": "1, 0.2196319",
          "anchor_max_render": "1, 0.2196319",
          "type": "text",
          "data": {
            "font_family": "BIOSfontII",
            "font_preferred_size": 16,
            "line_spacing": 1.0,
            "text_anchor": "upperleft",
            "text": "This is a cards effect text. Each card is allowed up two effects that they can use, one Passive effect, that last while the card is on the field, and an active effect, which works by taking the effect action. ",
            "color": "#FFFFFFFF",
            "outline_length": 1.0,
            "outline_color": "#FFFFFF00",
            "image_scaling": 1.0,
            "image_offset": "0, 0"
          },
          "sort_mode": "15",
          "split_mode": "horizontal",
          "parent_panel_id": "00000000-0000-0000-0000-000000000000"
        },
        {
          "panel_id": "51a1969c-29bd-4847-b934-6fd2b2afc004",
          "name": "",
          "enabled": true,
          "locked": false,
          "rotation": 0,
          "padding": "0, 0, 0, 0",
          "material_name": "Blank",
          "material_selection": 0,
          "material_tint": "#00000000",
          "anchor_min": "0, 0.2196319",
          "anchor_min_render": "0, 0.2196319",
          "anchor_max": "1, 0.8846626",
          "anchor_max_render": "1, 0.8846626",
          "type": "none",
          "data": {},
          "sort_mode": "16",
          "split_mode": "horizontal",
          "parent_panel_id": "00000000-0000-0000-0000-000000000000"
        },
        {
          "panel_id": "efabc60e-9c20-4ebf-88cc-735027011d86",
          "name": "",
          "enabled": true,
          "locked": false,
          "rotation": 0,
          "padding": "0, 0, 0, 0",
          "material_name": "Blank",
          "material_selection": 0,
          "material_tint": "#00000000",
          "anchor_min": "0, 0.8846626",
          "anchor_min_render": "0, 0.8846626",
          "anchor_max": "1, 0.9349693",
          "anchor_max_render": "1, 0.9349693",
          "type": "none",
          "data": {},
          "sort_mode": "24",
          "split_mode": "horizontal",
          "parent_panel_id": "00000000-0000-0000-0000-000000000000"
        },
        {
          "panel_id": "a1876e33-6333-4bf0-92c0-a99732916dcc",
          "name": "",
          "enabled": true,
          "locked": false,
          "rotation": 0,
          "padding": "0, 0, 0, 0",
          "material_name": "Blank",
          "material_selection": 0,
          "material_tint": "#00000000",
          "anchor_min": "0, 0",
          "anchor_min_render": "0, 0.8846626",
          "anchor_max": "0.3231104, 1",
          "anchor_max_render": "0.3231104, 0.9349693",
          "type": "none",
          "data": {},
          "sort_mode": "17",
          "split_mode": "vertical",
          "parent_panel_id": "efabc60e-9c20-4ebf-88cc-735027011d86"
        },
        {
          "panel_id": "524a2580-7c5a-4556-9f38-9516d139f783",
          "name": "Quote",
          "enabled": true,
          "locked": false,
          "rotation": 0,
          "padding": "0.05, 0.03, 0.15, 0.04",
          "material_name": "Blank",
          "material_selection": 0,
          "material_tint": "#00000000",
          "anchor_min": "0.3231104, 0",
          "anchor_min_render": "0.3231103, 0.8846626",
          "anchor_max": "0.960411, 1",
          "anchor_max_render": "0.9604109, 0.9349693",
          "type": "text",
          "data": {
            "font_family": "BIOSfontII",
            "font_preferred_size": 12,
            "line_spacing": 1.0,
            "text_anchor": "middlecenter",
            "text": "This is a quote or a little bit of text",
            "color": "#FFFFFFFF",
            "outline_length": 1.0,
            "outline_color": "#FFFFFF00",
            "image_scaling": 1.0,
            "image_offset": "0, 0"
          },
          "sort_mode": "18",
          "split_mode": "vertical",
          "parent_panel_id": "efabc60e-9c20-4ebf-88cc-735027011d86"
        },
        {
          "panel_id": "b26174ce-5621-42ef-b4c8-fa85a2a9fcfd",
          "name": "",
          "enabled": true,
          "locked": false,
          "rotation": 0,
          "padding": "0, 0, 0, 0",
          "material_name": "Blank",
          "material_selection": 0,
          "material_tint": "#00000000",
          "anchor_min": "0.960411, 0",
          "anchor_min_render": "0.960411, 0.8846626",
          "anchor_max": "1, 1",
          "anchor_max_render": "1, 0.9349693",
          "type": "none",
          "data": {},
          "sort_mode": "19",
          "split_mode": "vertical",
          "parent_panel_id": "efabc60e-9c20-4ebf-88cc-735027011d86"
        },
        {
          "panel_id": "93cf9bd6-2de0-4be1-bfd4-8de3b1737f4f",
          "name": "",
          "enabled": true,
          "locked": false,
          "rotation": 0,
          "padding": "0, 0, 0, 0",
          "material_name": "Blank",
          "material_selection": 0,
          "material_tint": "#00000000",
          "anchor_min": "0, 0.9349693",
          "anchor_min_render": "0, 0.9349692",
          "anchor_max": "1, 1",
          "anchor_max_render": "1, 0.9999999",
          "type": "none",
          "data": {},
          "sort_mode": "19",
          "split_mode": "horizontal",
          "parent_panel_id": "00000000-0000-0000-0000-000000000000"
        },
        {
          "panel_id": "1278b6c7-5c86-4542-b5d2-8647a0412db8",
          "name": "",
          "enabled": true,
          "locked": false,
          "rotation": 0,
          "padding": "0, 0, 0, 0",
          "material_name": "Blank",
          "material_selection": 0,
          "material_tint": "#00000000",
          "anchor_min": "0, 0",
          "anchor_min_render": "0, 0.9349692",
          "anchor_max": "0.3213926, 1",
          "anchor_max_render": "0.3213926, 0.9999999",
          "type": "none",
          "data": {},
          "sort_mode": "20",
          "split_mode": "vertical",
          "parent_panel_id": "93cf9bd6-2de0-4be1-bfd4-8de3b1737f4f"
        },
        {
          "panel_id": "23e0139e-2845-484d-bc9a-bbcf57983e5d",
          "name": "Name",
          "enabled": true,
          "locked": false,
          "rotation": 0,
          "padding": "0.25, 0.03, 0.1, 0.03",
          "material_name": "Blank",
          "material_selection": 0,
          "material_tint": "#00000000",
          "anchor_min": "0.3213926, 0",
          "anchor_min_render": "0.3213926, 0.9349692",
          "anchor_max": "0.9672821, 1",
          "anchor_max_render": "0.9672821, 0.9999999",
          "type": "text",
          "data": {
            "font_family": "Rockboxcond12",
            "font_preferred_size": 20,
            "line_spacing": 1.0,
            "text_anchor": "middlecenter",
            "text": "Name Here yes yes it goes here and",
            "color": "#FFFFFFFF",
            "outline_length": 1.0,
            "outline_color": "#FFFFFF00",
            "image_scaling": 1.0,
            "image_offset": "0, 0"
          },
          "sort_mode": "21",
          "split_mode": "vertical",
          "parent_panel_id": "93cf9bd6-2de0-4be1-bfd4-8de3b1737f4f"
        },
        {
          "panel_id": "7f5cdb4a-830d-482f-96e2-f91b397d2efc",
          "name": "",
          "enabled": true,
          "locked": false,
          "rotation": 0,
          "padding": "0, 0, 0, 0",
          "material_name": "Blank",
          "material_selection": 0,
          "material_tint": "#00000000",
          "anchor_min": "0.9672821, 0",
          "anchor_min_render": "0.9672821, 0.9349692",
          "anchor_max": "1, 1",
          "anchor_max_render": "1, 0.9999999",
          "type": "none",
          "data": {},
          "sort_mode": "22",
          "split_mode": "vertical",
          "parent_panel_id": "93cf9bd6-2de0-4be1-bfd4-8de3b1737f4f"
        }
      ]
    }
  ],
  "back_layers": [
    {
      "layer_id": "77139ee7-895e-4613-a598-ce1a80f722bf",
      "name": "Layer 01 Back",
      "padding": 2.638507E-05,
      "spacing": 0.025,
      "panels": [
        {
          "panel_id": "50cba314-9a46-489d-842b-e62b6cfb5316",
          "name": "",
          "enabled": true,
          "locked": false,
          "rotation": 0,
          "padding": "0, 0, 0, 0",
          "material_name": "Blank",
          "material_selection": 0,
          "material_tint": "#00000000",
          "anchor_min": "0, 0",
          "anchor_min_render": "0, 0",
          "anchor_max": "1, 1",
          "anchor_max_render": "1, 1",
          "type": "image",
          "data": {
            "uri": "%PROJECT%/Base Frames/Image_Base_Fill5.png",
            "mask_uri": "",
            "fit_mode": "fit",
            "zoom": 1.0,
            "offset": "0, 0",
            "tint": "#FFFFFFFF"
          },
          "sort_mode": "23",
          "split_mode": "none",
          "parent_panel_id": "00000000-0000-0000-0000-000000000000"
        }
      ]
    }
  ]
}