{
  "version": 2.12,
  "cardset_id": "7e574d70-75a4-4b6c-87e2-ddffe8c9205e",
  "name": "Joker",
  "blueprint_id": "706f0dc6-7c26-4e2c-b854-0a359ef3725e",
  "hint_order_index": 1,
  "cards": [
    {
      "card_id": "0872476a-c64b-4c0a-9010-f97306975b39",
      "amount": 1,
      "front_layers": [
        {
          "blueprint_layer_id": "75e94233-e4bc-439d-b0a8-6b076096de2b",
          "panels": [
            {
              "blueprint_panel_id": "453feb2a-0df8-4c44-8252-cef97809fc98",
              "rotation": 0,
              "type": "image",
              "data": {
                "uri": "%PROJECT%/1dc0826b26bf60ed6e27179f17a89329.jpg",
                "fit_mode": "fitheight",
                "offset": "0.02791069, -3.485758E-09"
              }
            }
          ]
        },
        {
          "blueprint_layer_id": "46c7a54d-afa0-487b-a174-356cebdfb3fa",
          "panels": [
            {
              "blueprint_panel_id": "6848feb6-508d-4ad8-898c-b0f95d5f9494",
              "rotation": 0,
              "type": "text",
              "data": {
                "text": "A Guardian Angel"
              }
            }
          ]
        },
        {
          "blueprint_layer_id": "22e7f259-c5fd-4f93-991b-8a1004c58986",
          "panels": [
            {
              "blueprint_panel_id": "c0139419-0d5f-4391-b5ad-bab54ce5a79b",
              "rotation": 0,
              "type": "text",
              "data": {
                "text": "Every <b>Heart Card [<color=#E02D20FF>♥</color>]</b> has +1 to there <b>DEFENSE</b> stat.\n\nThe first time your <b>Leader Card</b> would be destroyed, instead flip this card face down, and set your <b>Team Spirit </b>to 1, and set it to your <b>Draw Phase.</b>"
              }
            }
          ]
        }
      ]
    },
    {
      "card_id": "67fb0159-d228-4b63-bd59-5556470e7474",
      "amount": 1
    },
    {
      "card_id": "49dd90db-d798-4882-8d6f-1ac8ed894eb4",
      "amount": 1
    },
    {
      "card_id": "1d8370d0-7bba-4ebc-850a-edca7dea4750",
      "amount": 1
    },
    {
      "card_id": "287c5097-bbd9-402a-b052-dcaa5ced9b46",
      "amount": 1
    },
    {
      "card_id": "fbf3ab5b-2deb-455d-b430-a362ecd1b552",
      "amount": 1
    },
    {
      "card_id": "146f0d16-a934-48c6-906a-261b50f16069",
      "amount": 1
    },
    {
      "card_id": "db5c676c-0ea0-4c2f-92ec-027d2111ef7c",
      "amount": 1
    },
    {
      "card_id": "870cfcab-e5d9-4d4a-b5bc-70b84af3ee69",
      "amount": 1
    },
    {
      "card_id": "47cc4c72-5b49-44ca-b70a-dbdd67b53075",
      "amount": 1
    },
    {
      "card_id": "448ac7a4-0c67-43d0-a49d-c2976eb47439",
      "amount": 1
    },
    {
      "card_id": "6e5ccc2d-3ff0-414c-9b34-eb3c3f1ce20c",
      "amount": 1
    }
  ]
}